Date,Open,High,Low,Close,Adj Close,Volume
2013-01-01,1.038799,1.044495,1.038702,1.039901,1.039901,0
2013-01-02,1.039296,1.052499,1.039285,1.039166,1.039166,0
2013-01-03,1.049307,1.052787,1.047735,1.049296,1.049296,0
2013-01-04,1.045096,1.046704,1.039685,1.045303,1.045303,0
2013-01-07,1.049571,1.050817,1.04689,1.049538,1.049538,0
2013-01-08,1.05127,1.051801,1.047274,1.051171,1.051171,0
2013-01-09,1.051403,1.053796,1.048955,1.05137,1.05137,0
2013-01-10,1.050497,1.05875,1.049659,1.050608,1.050608,0
2013-01-11,1.057955,1.059165,1.054819,1.058033,1.058033,0
2013-01-14,1.053896,1.0581,1.052465,1.053785,1.053785,0
2013-01-15,1.056524,1.057496,1.052765,1.056424,1.056424,0
2013-01-16,1.057049,1.057944,1.053341,1.057083,1.057083,0
2013-01-17,1.055454,1.056435,1.049604,1.055844,1.055844,0
2013-01-18,1.054507,1.055799,1.048702,1.054608,1.054608,0
2013-01-21,1.050442,1.052798,1.049483,1.050718,1.050718,0
2013-01-22,1.051525,1.057999,1.050542,1.051602,1.051602,0
2013-01-23,1.056201,1.057105,1.052898,1.05629,1.05629,0
2013-01-24,1.053996,1.054897,1.045271,1.053685,1.053685,0
2013-01-25,1.044899,1.046956,1.042166,1.044605,1.044605,0
2013-01-28,1.041135,1.043395,1.038627,1.041352,1.041352,0
2013-01-29,1.042405,1.046704,1.041971,1.042231,1.042231,0
2013-01-30,1.046299,1.047899,1.040464,1.046901,1.046901,0
2013-01-31,1.041688,1.044452,1.038217,1.041884,1.041884,0
2013-02-01,1.043297,1.044474,1.036226,1.043221,1.043221,0
2013-02-04,1.042514,1.044201,1.041189,1.042601,1.042601,0
2013-02-05,1.044201,1.045828,1.037205,1.044103,1.044103,0
2013-02-06,1.039188,1.039955,1.029803,1.039004,1.039004,0
2013-02-07,1.031928,1.033902,1.030004,1.032002,1.032002,0
2013-02-08,1.027992,1.0348,1.025894,1.028267,1.028267,0
2013-02-11,1.032002,1.032695,1.02642,1.032279,1.032279,0
2013-02-12,1.026104,1.031853,1.02284,1.026357,1.026357,0
2013-02-13,1.033795,1.036302,1.032024,1.03387,1.03387,0
2013-02-14,1.035679,1.036602,1.032823,1.036098,1.036098,0
2013-02-15,1.0351,1.03742,1.029866,1.035057,1.035057,0
2013-02-18,1.029803,1.031555,1.027644,1.02994,1.02994,0
2013-02-19,1.031896,1.035572,1.030556,1.031896,1.031896,0
2013-02-20,1.034886,1.036903,1.028457,1.034897,1.034897,0
2013-02-21,1.024905,1.026568,1.022861,1.024842,1.024842,0
2013-02-22,1.029516,1.034009,1.027253,1.029442,1.029442,0
2013-02-25,1.029855,1.0331,1.026504,1.029824,1.029824,0
2013-02-26,1.027,1.0294,1.020179,1.027031,1.027031,0
2013-02-27,1.023583,1.023782,1.018558,1.023395,1.023395,0
2013-02-28,1.022955,1.029114,1.0207,1.023227,1.023227,0
2013-03-01,1.021826,1.024296,1.018485,1.021899,1.021899,0
2013-03-04,1.019659,1.020002,1.011757,1.019628,1.019628,0
2013-03-05,1.020398,1.025305,1.019576,1.020387,1.020387,0
2013-03-06,1.026599,1.029803,1.025704,1.026684,1.026684,0
2013-03-07,1.0235,1.028997,1.022098,1.023353,1.023353,0
2013-03-08,1.027253,1.028098,1.022432,1.027063,1.027063,0
2013-03-11,1.021503,1.027095,1.021242,1.021795,1.021795,0
2013-03-12,1.027802,1.033613,1.026789,1.027897,1.027897,0
2013-03-13,1.032898,1.033399,1.028479,1.032898,1.032898,0
2013-03-14,1.030057,1.039696,1.030004,1.030004,1.030004,0
2013-03-15,1.038098,1.04055,1.036312,1.038023,1.038023,0
2013-03-18,1.035422,1.039879,1.034618,1.03539,1.03539,0
2013-03-19,1.039404,1.040604,1.036291,1.039393,1.039393,0
2013-03-20,1.036205,1.039901,1.035754,1.036119,1.036119,0
2013-03-21,1.037872,1.044899,1.036388,1.037807,1.037807,0
2013-03-22,1.044005,1.045402,1.042296,1.044005,1.044005,0
2013-03-25,1.045009,1.048405,1.043351,1.044877,1.044877,0
2013-03-26,1.046178,1.049803,1.044856,1.046244,1.046244,0
2013-03-27,1.04757,1.048295,1.041981,1.047362,1.047362,0
2013-03-28,1.045096,1.045905,1.039912,1.044867,1.044867,0
2013-03-29,1.041699,1.042905,1.040604,1.041829,1.041829,0
2013-04-01,1.041309,1.042677,1.038799,1.041233,1.041233,0
2013-04-02,1.043787,1.048097,1.043732,1.043798,1.043798,0
2013-04-03,1.045664,1.049814,1.044801,1.045719,1.045719,0
2013-04-04,1.045402,1.048702,1.039631,1.045478,1.045478,0
2013-04-05,1.042503,1.043765,1.035765,1.042394,1.042394,0
2013-04-08,1.035186,1.042503,1.035186,1.035165,1.035165,0
2013-04-09,1.042036,1.049505,1.041515,1.042025,1.042025,0
2013-04-10,1.048801,1.055231,1.047702,1.0489,1.0489,0
2013-04-11,1.053796,1.058391,1.050277,1.053785,1.053785,0
2013-04-12,1.054752,1.056301,1.048482,1.054619,1.054619,0
2013-04-15,1.050983,1.052399,1.037796,1.051403,1.051403,0
2013-04-16,1.033795,1.038476,1.031077,1.033805,1.033805,0
2013-04-17,1.038303,1.038734,1.029675,1.038497,1.038497,0
2013-04-18,1.030195,1.033998,1.027095,1.030301,1.030301,0
2013-04-19,1.029612,1.035904,1.028267,1.029803,1.029803,0
2013-04-22,1.027485,1.030811,1.023688,1.02739,1.02739,0
2013-04-23,1.026504,1.026926,1.022275,1.026568,1.026568,0
2013-04-24,1.02603,1.029495,1.023405,1.026104,1.026104,0
2013-04-25,1.027696,1.033944,1.027401,1.027897,1.027897,0
2013-04-26,1.0294,1.033602,1.026525,1.029389,1.029389,0
2013-04-29,1.028288,1.035797,1.027718,1.028415,1.028415,0
2013-04-30,1.03419,1.0384,1.033271,1.034404,1.034404,0
2013-05-01,1.037215,1.038314,1.027285,1.037075,1.037075,0
2013-05-02,1.028362,1.028362,1.022275,1.028574,1.028574,0
2013-05-03,1.025336,1.032301,1.024496,1.025567,1.025567,0
2013-05-06,1.029898,1.0308,1.022568,1.030248,1.030248,0
2013-05-07,1.02458,1.025305,1.015672,1.024485,1.024485,0
2013-05-08,1.017667,1.020908,1.015796,1.017832,1.017832,0
2013-05-09,1.019004,1.025494,1.017998,1.019171,1.019171,0
2013-05-10,1.007638,1.009459,0.996214,1.007648,1.007648,0
2013-05-13,0.998502,1.001101,0.995223,0.998502,0.998502,0
2013-05-14,0.997108,1.00034,0.98912,0.997108,0.997108,0
2013-05-15,0.990688,0.991867,0.98561,0.990884,0.990884,0
2013-05-16,0.989903,0.991473,0.9802,0.989805,0.989805,0
2013-05-17,0.982801,0.982801,0.971251,0.982608,0.982608,0
2013-05-20,0.976372,0.979816,0.974469,0.976753,0.976753,0
2013-05-21,0.981547,0.983961,0.975419,0.981354,0.981354,0
2013-05-22,0.981932,0.982608,0.967679,0.981932,0.981932,0
2013-05-23,0.966744,0.977995,0.960246,0.96637,0.96637,0
2013-05-24,0.968429,0.970685,0.964972,0.968429,0.968429,0
2013-05-27,0.963484,0.966931,0.961816,0.963762,0.963762,0
2013-05-28,0.962927,0.969556,0.959877,0.962927,0.962927,0
2013-05-29,0.957304,0.967024,0.953016,0.957488,0.957488,0
2013-05-30,0.963391,0.969744,0.958681,0.96367,0.96367,0
2013-05-31,0.966838,0.96796,0.95511,0.966931,0.966931,0
2013-06-03,0.962094,0.977536,0.960061,0.962279,0.962279,0
2013-06-04,0.975134,0.976277,0.963762,0.975324,0.975324,0
2013-06-05,0.964041,0.96582,0.951294,0.964506,0.964506,0
2013-06-06,0.950932,0.962094,0.943663,0.951475,0.951475,0
2013-06-07,0.955749,0.956297,0.944002,0.956151,0.956151,0
2013-06-10,0.941797,0.948047,0.94038,0.941797,0.941797,0
2013-06-11,0.945823,0.945823,0.932923,0.945805,0.945805,0
2013-06-12,0.945805,0.956206,0.941797,0.946074,0.946074,0
2013-06-13,0.948137,0.962279,0.943307,0.948047,0.948047,0
2013-06-14,0.963206,0.965158,0.957029,0.963762,0.963762,0
2013-06-17,0.957854,0.964041,0.952926,0.957579,0.957579,0
2013-06-18,0.954745,0.957396,0.944198,0.954472,0.954472,0
2013-06-19,0.948947,0.954654,0.94402,0.948587,0.948587,0
2013-06-20,0.927902,0.931359,0.916506,0.928074,0.928074,0
2013-06-21,0.920386,0.92584,0.918611,0.920302,0.920302,0
2013-06-24,0.923788,0.927042,0.915248,0.923617,0.923617,0
2013-06-25,0.926183,0.929714,0.919879,0.926183,0.926183,0
2013-06-26,0.926526,0.934492,0.923873,0.926355,0.926355,0
2013-06-27,0.928678,0.933707,0.926526,0.92885,0.92885,0
2013-06-28,0.928324,0.928505,0.91391,0.92816,0.92816,0
2013-07-01,0.912992,0.924642,0.912659,0.912909,0.912909,0
2013-07-02,0.924385,0.925069,0.91416,0.924471,0.924471,0
2013-07-03,0.914495,0.918611,0.905387,0.914495,0.914495,0
2013-07-04,0.909174,0.918021,0.907713,0.909256,0.909256,0
2013-07-05,0.91416,0.918021,0.903832,0.91416,0.91416,0
2013-07-08,0.905797,0.913743,0.901226,0.906208,0.906208,0
2013-07-09,0.913993,0.919963,0.903832,0.913993,0.913993,0
2013-07-10,0.91659,0.923276,0.909091,0.916506,0.916506,0
2013-07-11,0.928333,0.930492,0.912076,0.927558,0.927558,0
2013-07-12,0.917179,0.918864,0.901226,0.9176,0.9176,0
2013-07-15,0.90777,0.912084,0.900333,0.907803,0.907803,0
2013-07-16,0.909008,0.923788,0.906865,0.909174,0.909174,0
2013-07-17,0.924129,0.929195,0.915835,0.924129,0.924129,0
2013-07-18,0.92285,0.9243,0.914077,0.923191,0.923191,0
2013-07-19,0.918021,0.923276,0.915583,0.918021,0.918021,0
2013-07-22,0.92188,0.92687,0.91878,0.921914,0.921914,0
2013-07-23,0.925669,0.928505,0.922509,0.92584,0.92584,0
2013-07-24,0.928678,0.931367,0.918695,0.928936,0.928936,0
2013-07-25,0.913576,0.919625,0.913576,0.912992,0.912992,0
2013-07-26,0.923788,0.929541,0.922935,0.923958,0.923958,0
2013-07-29,0.925497,0.928678,0.919287,0.925583,0.925583,0
2013-07-30,0.919963,0.920743,0.904642,0.919456,0.919456,0
2013-07-31,0.907194,0.907194,0.894935,0.907276,0.907276,0
2013-08-01,0.895576,0.899038,0.890948,0.895015,0.895015,0
2013-08-02,0.893887,0.897022,0.887942,0.894214,0.894214,0
2013-08-05,0.890789,0.891981,0.885081,0.890551,0.890551,0
2013-08-06,0.891583,0.900576,0.89071,0.891425,0.891425,0
2013-08-07,0.898715,0.902039,0.89222,0.898876,0.898876,0
2013-08-08,0.900576,0.912409,0.898796,0.900252,0.900252,0
2013-08-09,0.910747,0.920302,0.909091,0.910747,0.910747,0
2013-08-12,0.917515,0.924813,0.913576,0.918527,0.918527,0
2013-08-13,0.911245,0.914829,0.907606,0.911577,0.911577,0
2013-08-14,0.90967,0.915726,0.908265,0.909918,0.909918,0
2013-08-15,0.914327,0.919287,0.906536,0.914495,0.914495,0
2013-08-16,0.913242,0.921319,0.913242,0.913325,0.913325,0
2013-08-19,0.919963,0.923361,0.912742,0.919963,0.919963,0
2013-08-20,0.91166,0.912492,0.902772,0.911577,0.911577,0
2013-08-21,0.905879,0.905879,0.900171,0.906208,0.906208,0
2013-08-22,0.896781,0.904323,0.893416,0.896958,0.896958,0
2013-08-23,0.901876,0.904814,0.897505,0.901876,0.901876,0
2013-08-26,0.903098,0.906865,0.900414,0.902853,0.902853,0
2013-08-27,0.900901,0.900901,0.893416,0.901388,0.901388,0
2013-08-28,0.894454,0.896781,0.889601,0.894614,0.894614,0
2013-08-29,0.894614,0.897908,0.891822,0.894694,0.894694,0
2013-08-30,0.892618,0.895576,0.889601,0.892618,0.892618,0
2013-09-02,0.893895,0.901307,0.893895,0.893895,0.893895,0
2013-09-03,0.899766,0.90703,0.897505,0.900009,0.900009,0
2013-09-04,0.905305,0.91878,0.904159,0.905633,0.905633,0
2013-09-05,0.916842,0.918864,0.911993,0.917179,0.917179,0
2013-09-06,0.91191,0.921574,0.91191,0.91191,0.91191,0
2013-09-09,0.919118,0.923276,0.916926,0.919625,0.919625,0
2013-09-10,0.923276,0.931446,0.923276,0.923191,0.923191,0
2013-09-11,0.930146,0.932227,0.927902,0.93006,0.93006,0
2013-09-12,0.933428,0.935016,0.92302,0.933532,0.933532,0
2013-09-13,0.926441,0.926784,0.922679,0.926269,0.926269,0
2013-09-16,0.932401,0.938791,0.932314,0.932314,0.932314,0
2013-09-17,0.932019,0.93668,0.92885,0.932227,0.932227,0
2013-09-18,0.935454,0.937032,0.933794,0.935366,0.935366,0
2013-09-19,0.949758,0.952381,0.944198,0.949758,0.949758,0
2013-09-20,0.944555,0.945895,0.937998,0.944555,0.944555,0
2013-09-23,0.939938,0.945269,0.938438,0.940203,0.940203,0
2013-09-24,0.942063,0.942241,0.93668,0.942329,0.942329,0
2013-09-25,0.93835,0.939496,0.933968,0.938438,0.938438,0
2013-09-26,0.936242,0.940203,0.934667,0.936593,0.936593,0
2013-09-27,0.935891,0.937559,0.929973,0.935979,0.935979,0
2013-09-30,0.9298,0.935629,0.928678,0.930146,0.930146,0
2013-10-01,0.932401,0.943663,0.929627,0.932053,0.932053,0
2013-10-02,0.939232,0.940822,0.933532,0.939143,0.939143,0
2013-10-03,0.938527,0.941442,0.936944,0.938703,0.938703,0
2013-10-04,0.940291,0.945895,0.940291,0.940203,0.940203,0
2013-10-07,0.944198,0.945001,0.938879,0.944287,0.944287,0
2013-10-08,null,null,null,null,null,null
2013-10-09,0.94509,0.946611,0.941531,0.944822,0.944822,0
2013-10-10,0.945001,0.94688,0.939382,0.945001,0.945001,0
2013-10-11,0.945626,0.948677,0.944822,0.945564,0.945564,0
2013-10-14,0.944733,0.948587,0.943574,0.944733,0.944733,0
2013-10-15,0.951203,0.954927,0.950905,0.951203,0.951203,0
2013-10-16,0.954107,0.954381,0.950841,0.953744,0.953744,0
2013-10-17,0.954381,0.964599,0.952472,0.954381,0.954381,0
2013-10-18,0.961908,0.967679,0.960707,0.961723,0.961723,0
2013-10-21,0.966184,0.967867,0.964413,0.96609,0.96609,0
2013-10-22,0.965158,0.973141,0.964506,0.965344,0.965344,0
2013-10-23,0.970309,0.97561,0.960984,0.97012,0.97012,0
2013-10-24,0.964041,0.967211,0.957396,0.964134,0.964134,0
2013-10-25,0.961816,0.962371,0.957579,0.962186,0.962186,0
2013-10-28,0.959969,0.962371,0.955749,0.959969,0.959969,0
2013-10-29,0.95439,0.954927,0.948767,0.954563,0.954563,0
2013-10-30,0.947957,0.951565,0.946163,0.947867,0.947867,0
2013-10-31,0.94679,0.952653,0.945895,0.947032,0.947032,0
2013-11-01,0.946253,0.949127,0.942418,0.946253,0.946253,0
2013-11-04,0.94688,0.951113,0.946342,0.946611,0.946611,0
2013-11-05,0.951294,0.953744,0.946522,0.951203,0.951203,0
2013-11-06,0.949848,0.954107,0.948767,0.950028,0.950028,0
2013-11-07,0.952744,0.952744,0.944733,0.952744,0.952744,0
2013-11-08,0.945626,0.947957,0.935454,0.945626,0.945626,0
2013-11-11,0.937119,0.938967,0.935191,0.936944,0.936944,0
2013-11-12,0.936417,0.93668,0.931359,0.936417,0.936417,0
2013-11-13,0.930233,0.931966,0.928247,0.930492,0.930492,0
2013-11-14,0.936417,0.938438,0.928505,0.936593,0.936593,0
2013-11-15,0.930925,0.937295,0.930665,0.931012,0.931012,0
2013-11-18,0.937032,0.941974,0.936067,0.937032,0.937032,0
2013-11-19,0.936768,0.944287,0.935891,0.937032,0.937032,0
2013-11-20,0.944198,0.944198,0.936768,0.94402,0.94402,0
2013-11-21,0.933097,0.933358,0.923276,0.932836,0.932836,0
2013-11-22,0.922935,0.924984,0.915667,0.922679,0.922679,0
2013-11-25,0.916674,0.918864,0.912159,0.91659,0.91659,0
2013-11-26,0.919287,0.920471,0.909008,0.919287,0.919287,0
2013-11-27,0.912076,0.913743,0.907112,0.912326,0.912326,0
2013-11-28,0.908513,0.914746,0.907935,0.90843,0.90843,0
2013-11-29,0.9081,0.913826,0.905715,0.90843,0.90843,0
2013-12-02,0.912242,0.916842,0.910084,0.912326,0.912326,0
2013-12-03,0.911627,0.914327,0.906372,0.91166,0.91166,0
2013-12-04,0.913409,0.91391,0.900576,0.913325,0.913325,0
2013-12-05,0.903424,0.905715,0.900658,0.903179,0.903179,0
2013-12-06,0.906618,0.911743,0.899442,0.9067,0.9067,0
2013-12-09,0.910498,0.912992,0.907523,0.910581,0.910581,0
2013-12-10,0.909008,0.915667,0.90834,0.909008,0.909008,0
2013-12-11,0.914662,0.915332,0.904814,0.914662,0.914662,0
2013-12-12,0.904895,0.90777,0.891902,0.904814,0.904814,0
2013-12-13,0.892299,0.896379,0.891107,0.892538,0.892538,0
2013-12-16,0.895175,0.896941,0.892937,0.895255,0.895255,0
2013-12-17,0.894294,0.895977,0.888336,0.894135,0.894135,0
2013-12-18,0.891981,0.892921,0.887469,0.89214,0.89214,0
2013-12-19,0.884408,0.887469,0.882379,0.884799,0.884799,0
2013-12-20,0.886211,0.893017,0.88574,0.886375,0.886375,0
2013-12-23,0.892379,0.895656,0.892061,0.89222,0.89222,0
2013-12-24,0.893256,0.893416,0.890869,0.893017,0.893017,0
2013-12-25,0.892698,0.894135,0.891583,0.892698,0.892698,0
2013-12-26,0.891504,0.89214,0.887784,0.891742,0.891742,0
2013-12-27,0.888652,0.892857,0.887942,0.888652,0.888652,0
2013-12-30,0.885426,0.890869,0.883704,0.885504,0.885504,0
2013-12-31,0.892538,0.895415,0.891266,0.891981,0.891981,0
2014-01-01,0.891504,0.892538,0.891504,0.891504,0.891504,0
2014-01-02,0.889284,0.894135,0.884486,0.889205,0.889205,0
2014-01-03,0.89071,0.900495,0.888731,0.890631,0.890631,0
2014-01-06,0.896539,0.898311,0.893655,0.896539,0.896539,0
2014-01-07,0.896781,0.896861,0.88968,0.8967,0.8967,0
2014-01-08,0.891846,0.895175,0.890472,0.891742,0.891742,0
2014-01-09,0.888968,0.891345,0.886839,0.889047,0.889047,0
2014-01-10,0.889759,0.899928,0.887784,0.889759,0.889759,0
2014-01-13,0.901307,0.908513,0.898796,0.901307,0.901307,0
2014-01-14,0.904895,0.905469,0.897183,0.904977,0.904977,0
2014-01-15,0.896218,0.897183,0.889047,0.896138,0.896138,0
2014-01-16,0.890631,0.890631,0.877809,0.890551,0.890551,0
2014-01-17,0.882068,0.882768,0.876962,0.88199,0.88199,0
2014-01-20,0.877424,0.88199,0.875887,0.877424,0.877424,0
2014-01-21,0.880514,0.883704,0.877655,0.880437,0.880437,0
2014-01-22,0.880282,0.88881,0.878889,0.880592,0.880592,0
2014-01-23,0.884486,0.884799,0.876424,0.884486,0.884486,0
2014-01-24,0.875964,0.877501,0.866176,0.87604,0.87604,0
2014-01-27,0.869565,0.87558,0.867905,0.86949,0.86949,0
2014-01-28,0.87321,0.882145,0.87321,0.87321,0.87321,0
2014-01-29,0.878349,0.882457,0.873057,0.878812,0.878812,0
2014-01-30,0.874738,0.880049,0.871308,0.874891,0.874891,0
2014-01-31,0.879662,0.882223,0.869717,0.879585,0.879585,0
2014-02-03,0.875733,0.883002,0.874049,0.875657,0.875657,0
2014-02-04,0.874891,0.891504,0.873286,0.875044,0.875044,0
2014-02-05,0.891186,0.893895,0.887469,0.891425,0.891425,0
2014-02-06,0.892857,0.89823,0.892538,0.892857,0.892857,0
2014-02-07,0.894775,0.899847,0.892459,0.895015,0.895015,0
2014-02-10,0.894454,0.895897,0.890869,0.894694,0.894694,0
2014-02-11,0.894534,0.903914,0.894534,0.894566,0.894566,0
2014-02-12,0.90212,0.906865,0.900901,0.90212,0.90212,0
2014-02-13,0.902283,0.903261,0.893096,0.902446,0.902446,0
2014-02-14,0.898311,0.903996,0.89823,0.89823,0.89823,0
2014-02-17,0.905961,0.906947,0.902527,0.905961,0.905961,0
2014-02-18,0.903898,0.907935,0.900333,0.903947,0.903947,0
2014-02-19,0.901632,0.904486,0.899281,0.902039,0.902039,0
2014-02-20,0.899361,0.901388,0.893815,0.899928,0.899928,0
2014-02-21,0.90112,0.901632,0.895255,0.900982,0.900982,0
2014-02-24,0.897908,0.901957,0.893975,0.897747,0.897747,0
2014-02-25,0.903677,0.904323,0.900739,0.903751,0.903751,0
2014-02-26,0.901145,0.90269,0.895977,0.900982,0.900982,0
2014-02-27,0.896379,0.896861,0.89071,0.896379,0.896379,0
2014-02-28,0.895977,0.898796,0.892777,0.89617,0.89617,0
2014-03-03,0.890472,0.894214,0.889284,0.890234,0.890234,0
2014-03-04,0.892459,0.8967,0.891425,0.892538,0.892538,0
2014-03-05,0.895897,0.90009,0.894534,0.895415,0.895415,0
2014-03-06,0.897908,0.908595,0.897424,0.897819,0.897819,0
2014-03-07,0.910415,0.913492,0.907194,0.910581,0.910581,0
2014-03-10,0.905715,0.906454,0.901307,0.905797,0.905797,0
2014-03-11,0.902201,0.905059,0.901145,0.902446,0.902446,0
2014-03-12,0.896539,0.897827,0.892857,0.896539,0.896539,0
2014-03-13,0.899847,0.910415,0.899766,0.899766,0.899766,0
2014-03-14,0.903016,0.904977,0.899928,0.903016,0.903016,0
2014-03-17,0.903098,0.909835,0.901226,0.902935,0.902935,0
2014-03-18,0.908513,0.913576,0.906618,0.90843,0.90843,0
2014-03-19,0.913075,0.913492,0.909753,0.913325,0.913325,0
2014-03-20,0.903016,0.904568,0.899766,0.903016,0.903016,0
2014-03-21,0.903832,0.909422,0.903751,0.903832,0.903832,0
2014-03-24,0.909339,0.913075,0.905387,0.909422,0.909422,0
2014-03-25,0.912992,0.915835,0.912076,0.912992,0.912992,0
2014-03-26,0.916338,0.924642,0.915583,0.916254,0.916254,0
2014-03-27,0.922254,0.927214,0.921829,0.921829,0.921829,0
2014-03-28,0.927042,0.929714,0.923788,0.926698,0.926698,0
2014-03-31,0.924984,0.927816,0.922084,0.926012,0.926012,0
2014-04-01,0.927214,0.929454,0.923191,0.92687,0.92687,0
2014-04-02,0.923873,0.926441,0.922679,0.923873,0.923873,0
2014-04-03,0.924813,0.925069,0.92081,0.924727,0.924727,0
2014-04-04,0.923446,0.930579,0.923191,0.923276,0.923276,0
2014-04-07,0.928764,0.929714,0.925497,0.929023,0.929023,0
2014-04-08,0.926784,0.935804,0.926698,0.926698,0.926698,0
2014-04-09,0.93513,0.938703,0.933794,0.935104,0.935104,0
2014-04-10,0.937734,0.946163,0.937647,0.937822,0.937822,0
2014-04-11,0.939673,0.942774,0.936593,0.939761,0.939761,0
2014-04-14,0.938527,0.942418,0.938527,0.938527,0.938527,0
2014-04-15,0.941354,0.941797,0.933881,0.941176,0.941176,0
2014-04-16,0.934317,0.93835,0.933358,0.934317,0.934317,0
2014-04-17,0.937559,0.939232,0.933794,0.937383,0.937383,0
2014-04-18,0.933097,0.934405,0.932488,0.933097,0.933097,0
2014-04-21,0.933184,0.934754,0.93188,0.933358,0.933358,0
2014-04-22,0.933794,0.937822,0.933271,0.933794,0.933794,0
2014-04-23,0.937207,0.937822,0.927042,0.937032,0.937032,0
2014-04-24,0.929368,0.930406,0.925497,0.92885,0.92885,0
2014-04-25,0.926612,0.9298,0.925497,0.927042,0.927042,0
2014-04-28,0.927644,0.931532,0.925497,0.927386,0.927386,0
2014-04-29,0.925497,0.92816,0.92302,0.925378,0.925378,0
2014-04-30,0.927472,0.929714,0.925412,0.927472,0.927472,0
2014-05-01,0.928453,0.931272,0.926183,0.928333,0.928333,0
2014-05-02,0.927558,0.928074,0.920386,0.927644,0.927644,0
2014-05-05,0.927472,0.929023,0.925326,0.927558,0.927558,0
2014-05-06,0.928333,0.93668,0.927386,0.928247,0.928247,0
2014-05-07,0.935016,0.935541,0.932053,0.935104,0.935104,0
2014-05-08,0.932314,0.939585,0.932227,0.932401,0.932401,0
2014-05-09,0.936944,0.938086,0.934842,0.936944,0.936944,0
2014-05-12,0.935891,0.938703,0.935016,0.936067,0.936067,0
2014-05-13,0.936067,0.93835,0.933358,0.936067,0.936067,0
2014-05-14,0.936505,0.941088,0.936505,0.936505,0.936505,0
2014-05-15,0.937032,0.93932,0.933097,0.937119,0.937119,0
2014-05-16,0.935716,0.937295,0.93362,0.935804,0.935804,0
2014-05-19,0.936593,0.936768,0.934492,0.936768,0.936768,0
2014-05-20,0.933358,0.933532,0.925069,0.933445,0.933445,0
2014-05-21,0.923361,0.924471,0.921065,0.923446,0.923446,0
2014-05-22,0.923788,0.927472,0.921914,0.923617,0.923617,0
2014-05-23,0.92285,0.924898,0.921574,0.922765,0.922765,0
2014-05-26,0.923958,0.925069,0.923191,0.924044,0.924044,0
2014-05-27,0.92584,0.92773,0.923702,0.925669,0.925669,0
2014-05-28,0.926612,0.927128,0.921574,0.926526,0.926526,0
2014-05-29,0.922509,0.931272,0.921914,0.922935,0.922935,0
2014-05-30,0.931099,0.932923,0.929023,0.931099,0.931099,0
2014-06-02,0.93006,0.930839,0.923532,0.929973,0.929973,0
2014-06-03,0.923788,0.928936,0.923361,0.923702,0.923702,0
2014-06-04,0.926012,0.929023,0.925326,0.926183,0.926183,0
2014-06-05,0.927558,0.932662,0.926097,0.927386,0.927386,0
2014-06-06,0.932749,0.935804,0.93214,0.932662,0.932662,0
2014-06-09,0.934143,0.93668,0.933881,0.933532,0.933532,0
2014-06-10,0.934317,0.93835,0.934317,0.934405,0.934405,0
2014-06-11,0.937119,0.940734,0.936593,0.937207,0.937207,0
2014-06-12,0.937998,0.943841,0.936944,0.938174,0.938174,0
2014-06-13,0.942329,0.942596,0.937734,0.942596,0.942596,0
2014-06-16,0.93932,0.94162,0.937471,0.939143,0.939143,0
2014-06-17,0.939232,0.939585,0.933184,0.939496,0.939496,0
2014-06-18,0.933707,0.935016,0.93301,0.933707,0.933707,0
2014-06-19,0.93985,0.943218,0.939673,0.940026,0.940026,0
2014-06-20,0.939761,0.94162,0.937972,0.940026,0.940026,0
2014-06-23,0.938438,0.944733,0.938438,0.938703,0.938703,0
2014-06-24,0.941974,0.943218,0.937383,0.941974,0.941974,0
2014-06-25,0.936417,0.93985,0.935629,0.93668,0.93668,0
2014-06-26,0.940557,0.942063,0.939673,0.940557,0.940557,0
2014-06-27,0.940822,0.944109,0.940822,0.940911,0.940911,0
2014-06-30,0.941442,0.943841,0.938879,0.941708,0.941708,0
2014-07-01,0.94304,0.949397,0.94162,0.942951,0.942951,0
2014-07-02,0.949307,0.949668,0.943129,0.949217,0.949217,0
2014-07-03,0.943485,0.944198,0.933358,0.943485,0.943485,0
2014-07-04,0.934929,0.936768,0.934579,0.935016,0.935016,0
2014-07-07,0.935804,0.937383,0.93423,0.936067,0.936067,0
2014-07-08,0.937207,0.941531,0.937207,0.937295,0.937295,0
2014-07-09,0.941176,0.94162,0.939055,0.941088,0.941088,0
2014-07-10,0.942152,0.943396,0.936154,0.941974,0.941974,0
2014-07-11,0.938703,0.940999,0.937734,0.938703,0.938703,0
2014-07-14,0.93835,0.940468,0.93835,0.93835,0.93835,0
2014-07-15,0.939408,0.940026,0.935235,0.939408,0.939408,0
2014-07-16,0.936242,0.937032,0.933097,0.93633,0.93633,0
2014-07-17,0.936768,0.939232,0.935366,0.93668,0.93668,0
2014-07-18,0.934929,0.940557,0.933881,0.935104,0.935104,0
2014-07-21,0.939585,0.939938,0.937207,0.939585,0.939585,0
2014-07-22,0.936768,0.942152,0.93633,0.936768,0.936768,0
2014-07-23,0.939055,0.945537,0.93835,0.938879,0.938879,0
2014-07-24,0.944109,0.947059,0.941442,0.944109,0.944109,0
2014-07-25,0.941797,0.942596,0.940115,0.941708,0.941708,0
2014-07-28,0.940203,0.941354,0.938615,0.940203,0.940203,0
2014-07-29,0.941088,0.941708,0.937559,0.941176,0.941176,0
2014-07-30,0.938527,0.938879,0.931185,0.938615,0.938615,0
2014-07-31,0.932662,0.933184,0.92816,0.932575,0.932575,0
2014-08-01,0.93006,0.933532,0.92773,0.930233,0.930233,0
2014-08-04,0.931185,0.933219,0.931099,0.931272,0.931272,0
2014-08-05,0.933271,0.934405,0.9298,0.933271,0.933271,0
2014-08-06,0.930319,0.933097,0.929368,0.930492,0.930492,0
2014-08-07,0.934842,0.935804,0.926097,0.934667,0.934667,0
2014-08-08,0.926526,0.928591,0.924214,0.926612,0.926612,0
2014-08-11,0.927816,0.928678,0.926183,0.927902,0.927902,0
2014-08-12,0.926269,0.927472,0.924898,0.926441,0.926441,0
2014-08-13,0.926784,0.93214,0.926784,0.927042,0.927042,0
2014-08-14,0.930579,0.932749,0.928936,0.930752,0.930752,0
2014-08-15,0.931532,0.933532,0.929973,0.931619,0.931619,0
2014-08-18,0.931619,0.933271,0.930925,0.931706,0.931706,0
2014-08-19,0.932314,0.934579,0.930665,0.932314,0.932314,0
2014-08-20,0.929887,0.931793,0.92816,0.9298,0.9298,0
2014-08-21,0.92885,0.931099,0.924214,0.928764,0.928764,0
2014-08-22,0.930146,0.93301,0.929541,0.930319,0.930319,0
2014-08-25,0.9298,0.932401,0.929282,0.93006,0.93006,0
2014-08-26,0.92773,0.933358,0.927386,0.927816,0.927816,0
2014-08-27,0.931793,0.935541,0.931185,0.931706,0.931706,0
2014-08-28,0.93362,0.937559,0.933358,0.93362,0.93362,0
2014-08-29,0.935016,0.936417,0.933358,0.935541,0.935541,0
2014-09-01,0.93301,0.935279,0.932749,0.93301,0.93301,0
2014-09-02,0.933184,0.933707,0.927042,0.933532,0.933532,0
2014-09-03,0.927902,0.935016,0.926612,0.927988,0.927988,0
2014-09-04,0.933968,0.939232,0.933097,0.933968,0.933968,0
2014-09-05,0.933445,0.939938,0.933445,0.93362,0.93362,0
2014-09-08,0.936505,0.937559,0.929454,0.93633,0.93633,0
2014-09-09,0.927902,0.929109,0.919118,0.927816,0.927816,0
2014-09-10,0.92081,0.922084,0.911494,0.920726,0.920726,0
2014-09-11,0.915667,0.921829,0.909753,0.915667,0.915667,0
2014-09-12,0.909753,0.909835,0.903261,0.909918,0.909918,0
2014-09-15,0.901226,0.905059,0.898553,0.901469,0.901469,0
2014-09-16,0.903424,0.909835,0.8992,0.903669,0.903669,0
2014-09-17,0.908183,0.908513,0.901957,0.908595,0.908595,0
2014-09-18,0.896298,0.899281,0.892937,0.895897,0.895897,0
2014-09-19,0.898392,0.899442,0.893096,0.898311,0.898311,0
2014-09-22,0.894135,0.895175,0.885661,0.894135,0.894135,0
2014-09-23,0.887784,0.892937,0.883704,0.887784,0.887784,0
2014-09-24,0.885583,0.889838,0.884017,0.885583,0.885583,0
2014-09-25,0.885897,0.886997,0.878735,0.885975,0.885975,0
2014-09-26,0.880514,0.881523,0.875044,0.880514,0.880514,0
2014-09-29,0.87382,0.874891,0.868734,0.873591,0.873591,0
2014-09-30,0.871004,0.876808,0.869717,0.871688,0.871688,0
2014-10-01,0.874049,0.874891,0.866476,0.873744,0.873744,0
2014-10-02,0.874432,0.881834,0.874355,0.874623,0.874623,0
2014-10-03,0.879507,0.880669,0.864454,0.879507,0.879507,0
2014-10-06,0.866326,0.874967,0.866326,0.866326,0.866326,0
2014-10-07,0.877039,0.883392,0.872981,0.876962,0.876962,0
2014-10-08,0.881057,0.881912,0.874661,0.881057,0.881057,0
2014-10-09,0.883783,0.889996,0.87727,0.883939,0.883939,0
2014-10-10,0.876347,0.87858,0.869036,0.876271,0.876271,0
2014-10-13,0.867754,0.878735,0.865726,0.86783,0.86783,0
2014-10-14,0.875503,0.88129,0.872144,0.87558,0.87558,0
2014-10-15,0.870928,0.883002,0.86798,0.870928,0.870928,0
2014-10-16,0.879275,0.881446,0.868961,0.879275,0.879275,0
2014-10-17,0.877501,0.880669,0.87382,0.877193,0.877193,0
2014-10-20,0.875657,0.87974,0.875044,0.87581,0.87581,0
2014-10-21,0.877655,0.883002,0.877116,0.877809,0.877809,0
2014-10-22,0.876655,0.881523,0.876347,0.877116,0.877116,0
2014-10-23,0.876808,0.880592,0.875243,0.876732,0.876732,0
2014-10-24,0.87558,0.882379,0.872448,0.875657,0.875657,0
2014-10-27,0.880592,0.882379,0.879044,0.880437,0.880437,0
2014-10-28,0.880592,0.887942,0.880282,0.880437,0.880437,0
2014-10-29,0.886289,0.891186,0.885426,0.886132,0.886132,0
2014-10-30,0.876962,0.882613,0.87581,0.876808,0.876808,0
2014-10-31,0.882846,0.884486,0.876578,0.882457,0.882457,0
2014-11-03,0.875273,0.876194,0.869036,0.87535,0.87535,0
2014-11-04,0.869112,0.87512,0.865351,0.86949,0.86949,0
2014-11-05,0.874661,0.87558,0.856678,0.874967,0.874967,0
2014-11-06,0.857854,0.862813,0.855652,0.857927,0.857927,0
2014-11-07,0.856164,0.863707,0.85419,0.856164,0.856164,0
2014-11-10,0.864379,0.868508,0.863334,0.864454,0.864454,0
2014-11-11,0.862664,0.865876,0.859254,0.862962,0.862962,0
2014-11-12,0.870474,0.874814,0.866927,0.870625,0.870625,0
2014-11-13,0.87108,0.876117,0.867604,0.871232,0.871232,0
2014-11-14,0.870777,0.873362,0.865276,0.870724,0.870724,0
2014-11-17,0.875197,0.879507,0.869792,0.874967,0.874967,0
2014-11-18,0.870701,0.874814,0.868583,0.870853,0.870853,0
2014-11-19,0.871156,0.871156,0.861772,0.870928,0.870928,0
2014-11-20,0.860363,0.863409,0.856825,0.860141,0.860141,0
2014-11-21,0.862143,0.871992,0.860807,0.862366,0.862366,0
2014-11-24,0.86798,0.870322,0.861475,0.868206,0.868206,0
2014-11-25,0.860511,0.861623,0.851571,0.860511,0.860511,0
2014-11-26,0.855652,0.856604,0.848104,0.855725,0.855725,0
2014-11-27,0.853315,0.861549,0.85317,0.853242,0.853242,0
2014-11-28,0.852515,0.853607,0.848824,0.852442,0.852442,0
2014-12-01,0.843811,0.852878,0.842247,0.843811,0.843811,0
2014-12-02,0.847817,0.854117,0.843668,0.847817,0.847817,0
2014-12-03,0.845809,0.84674,0.839137,0.846024,0.846024,0
2014-12-04,0.839419,0.842957,0.835771,0.840124,0.840124,0
2014-12-05,0.838574,0.83949,0.832293,0.838645,0.838645,0
2014-12-08,0.830634,0.832501,0.826173,0.83091,0.83091,0
2014-12-09,0.830013,0.83703,0.822571,0.830013,0.830013,0
2014-12-10,0.829944,0.834934,0.82672,0.830013,0.830013,0
2014-12-11,0.833542,0.837451,0.823249,0.833403,0.833403,0
2014-12-12,0.824606,0.829875,0.82291,0.82481,0.82481,0
2014-12-15,0.82122,0.826925,0.820412,0.820951,0.820951,0
2014-12-16,0.821355,0.827404,0.820412,0.821625,0.821625,0
2014-12-17,0.822301,0.82352,0.814332,0.822504,0.822504,0
2014-12-18,0.81281,0.820345,0.811886,0.812546,0.812546,0
2014-12-19,0.816993,0.819269,0.815062,0.817327,0.817327,0
2014-12-22,0.81473,0.817394,0.813339,0.814929,0.814929,0
2014-12-23,0.811952,0.81473,0.809258,0.812282,0.812282,0
2014-12-24,0.81103,0.812414,0.81057,0.810964,0.810964,0
2014-12-25,0.811622,0.812876,0.811425,0.811622,0.811622,0
2014-12-26,0.811227,0.813471,0.81103,0.810898,0.810898,0
2014-12-29,0.811557,0.816393,0.811425,0.811622,0.811622,0
2014-12-30,0.813603,0.820008,0.812282,0.81367,0.81367,0
2014-12-31,0.818398,0.821693,0.816127,0.818398,0.818398,0
2015-01-01,0.817127,0.817127,0.816993,0.817127,0.817127,0
2015-01-02,0.818197,0.818465,0.810373,0.817795,0.817795,0
2015-01-05,0.807363,0.810767,0.803859,0.806777,0.806777,0
2015-01-06,0.80952,0.815927,0.808865,0.809979,0.809979,0
2015-01-07,0.807885,0.808277,0.803729,0.808016,0.808016,0
2015-01-08,0.807885,0.812546,0.807885,0.807559,0.807559,0
2015-01-09,0.811425,0.819672,0.811096,0.811425,0.811425,0
2015-01-12,0.822233,0.825628,0.813273,0.822233,0.822233,0
2015-01-13,0.815395,0.819807,0.813008,0.815062,0.815062,0
2015-01-14,0.817127,0.819001,0.807037,0.817394,0.817394,0
2015-01-15,0.813537,0.829394,0.813471,0.814465,0.814465,0
2015-01-16,0.822368,0.825696,0.81706,0.822368,0.822368,0
2015-01-19,0.822707,0.824334,0.819739,0.822707,0.822707,0
2015-01-20,0.819538,0.821828,0.81606,0.819538,0.819538,0
2015-01-21,0.816527,0.82352,0.813736,0.816527,0.816527,0
2015-01-22,0.810045,0.813537,0.805802,0.81011,0.81011,0
2015-01-23,0.801732,0.804699,0.788395,0.801989,0.801989,0
2015-01-26,0.788146,0.792833,0.787526,0.787588,0.787588,0
2015-01-27,0.792581,0.797512,0.790701,0.792205,0.792205,0
2015-01-28,0.791766,0.802375,0.790202,0.792142,0.792142,0
2015-01-29,0.789079,0.790639,0.77688,0.789266,0.789266,0
2015-01-30,0.77821,0.779849,0.773395,0.77821,0.77821,0
2015-02-02,0.778028,0.782963,0.776699,0.77821,0.77821,0
2015-02-03,0.77991,0.78284,0.762776,0.780153,0.780153,0
2015-02-04,0.775735,0.784683,0.774473,0.776277,0.776277,0
2015-02-05,0.775916,0.782718,0.773694,0.776096,0.776096,0
2015-02-06,0.780092,0.787402,0.778574,0.77997,0.77997,0
2015-02-09,0.776398,0.783699,0.774953,0.776096,0.776096,0
2015-02-10,0.779666,0.784191,0.775074,0.77991,0.77991,0
2015-02-11,0.778331,0.779484,0.769527,0.778392,0.778392,0
2015-02-12,0.77226,0.772857,0.764818,0.77226,0.77226,0
2015-02-13,0.775675,0.779302,0.772917,0.775675,0.775675,0
2015-02-16,0.77688,0.779606,0.776759,0.776578,0.776578,0
2015-02-17,0.775855,0.783024,0.775855,0.775675,0.775675,0
2015-02-18,0.78125,0.783147,0.777484,0.781189,0.781189,0
2015-02-19,0.780884,0.784437,0.775855,0.780823,0.780823,0
2015-02-20,0.779849,0.784991,0.77918,0.779545,0.779545,0
2015-02-23,0.78456,0.784683,0.778271,0.784621,0.784621,0
2015-02-24,0.77991,0.7818,0.773994,0.77997,0.77997,0
2015-02-25,0.783208,0.790202,0.783208,0.783331,0.783331,0
2015-02-26,0.788519,0.791264,0.781677,0.788395,0.788395,0
2015-02-27,0.780275,0.783515,0.777968,0.780579,0.780579,0
2015-03-02,0.778755,0.77997,0.775855,0.778574,0.778574,0
2015-03-03,0.775735,0.784461,0.775374,0.775675,0.775675,0
2015-03-04,0.781983,0.785978,0.780701,0.782044,0.782044,0
2015-03-05,0.782473,0.784129,0.777001,0.78235,0.78235,0
2015-03-06,0.778695,0.784437,0.771665,0.778513,0.778513,0
2015-03-09,0.772082,0.773994,0.768758,0.77226,0.77226,0
2015-03-10,0.768403,0.768521,0.761383,0.768521,0.768521,0
2015-03-11,0.764059,0.764526,0.756315,0.764175,0.764175,0
2015-03-12,0.760341,0.772798,0.757518,0.760572,0.760572,0
2015-03-13,0.770594,0.770772,0.761093,0.770653,0.770653,0
2015-03-16,0.761847,0.768108,0.761847,0.761615,0.761615,0
2015-03-17,0.764351,0.766577,0.761499,0.764409,0.764409,0
2015-03-18,0.762137,0.765404,0.759301,0.762311,0.762311,0
2015-03-19,0.777726,0.780884,0.761847,0.777847,0.777847,0
2015-03-20,0.766225,0.776277,0.765052,0.765814,0.765814,0
2015-03-23,0.778392,0.785299,0.776578,0.778392,0.778392,0
2015-03-24,0.787588,0.793714,0.784314,0.787526,0.787526,0
2015-03-25,0.786473,0.790264,0.784437,0.786287,0.786287,0
2015-03-26,0.783208,0.788519,0.780153,0.783024,0.783024,0
2015-03-27,0.783024,0.783392,0.775254,0.783392,0.783392,0
2015-03-30,0.773575,0.773994,0.763417,0.773455,0.773455,0
2015-03-31,0.765568,0.766284,0.759244,0.765814,0.765814,0
2015-04-01,0.761789,0.766166,0.75861,0.761383,0.761383,0
2015-04-02,0.760456,0.760688,0.753523,0.760688,0.760688,0
2015-04-03,0.758208,0.768817,0.757289,0.758208,0.758208,0
2015-04-06,0.764117,0.766695,0.761093,0.764409,0.764409,0
2015-04-07,0.759025,0.771248,0.757863,0.759013,0.759013,0
2015-04-08,0.763942,0.772678,0.763884,0.764292,0.764292,0
2015-04-09,0.768403,0.773994,0.766225,0.768462,0.768462,0
2015-04-10,0.770416,0.77232,0.764,0.770416,0.770416,0
2015-04-13,0.766577,0.767283,0.755344,0.76693,0.76693,0
2015-04-14,0.758898,0.764935,0.755744,0.758725,0.758725,0
2015-04-15,0.761562,0.763825,0.757346,0.761441,0.761441,0
2015-04-16,0.767695,0.779672,0.767636,0.767872,0.767872,0
2015-04-17,0.778816,0.784375,0.776156,0.778938,0.778938,0
2015-04-20,0.78064,0.782718,0.771486,0.780945,0.780945,0
2015-04-21,0.772082,0.775434,0.768521,0.77226,0.77226,0
2015-04-22,0.771307,0.780884,0.770772,0.771545,0.771545,0
2015-04-23,0.774593,0.778574,0.771307,0.775014,0.775014,0
2015-04-24,0.777484,0.784006,0.776518,0.777726,0.777726,0
2015-04-27,0.783392,0.786906,0.779484,0.783331,0.783331,0
2015-04-28,0.786658,0.801925,0.786102,0.78672,0.78672,0
2015-04-29,0.799808,0.807559,0.79783,0.79968,0.79968,0
2015-04-30,0.799488,0.802182,0.786473,0.799488,0.799488,0
2015-05-01,0.789889,0.790576,0.780884,0.790326,0.790326,0
2015-05-04,0.782656,0.785176,0.780457,0.783024,0.783024,0
2015-05-05,0.784129,0.795292,0.780457,0.784314,0.784314,0
2015-05-06,0.79321,0.803084,0.792833,0.793525,0.793525,0
2015-05-07,0.795418,0.800576,0.790826,0.795672,0.795672,0
2015-05-08,0.789889,0.796813,0.786782,0.790139,0.790139,0
2015-05-11,0.792267,0.793399,0.787836,0.792581,0.792581,0
2015-05-12,0.78964,0.799424,0.78883,0.789952,0.789952,0
2015-05-13,0.798977,0.81248,0.796559,0.799041,0.799041,0
2015-05-14,0.811227,0.816326,0.806517,0.811293,0.811293,0
2015-05-15,0.808473,0.809192,0.799872,0.808669,0.808669,0
2015-05-18,0.804505,0.804699,0.798403,0.804699,0.804699,0
2015-05-19,0.79936,0.800961,0.790826,0.799488,0.799488,0
2015-05-20,0.79233,0.793714,0.78703,0.792205,0.792205,0
2015-05-21,0.788022,0.79139,0.786968,0.787836,0.787836,0
2015-05-22,0.790202,0.79321,0.782105,0.790202,0.790202,0
2015-05-25,0.781189,0.784129,0.780518,0.781189,0.781189,0
2015-05-26,0.78235,0.784314,0.773814,0.782718,0.782718,0
2015-05-27,0.774893,0.77688,0.769349,0.774473,0.774473,0
2015-05-28,0.773634,0.775976,0.761847,0.773515,0.773515,0
2015-05-29,0.765755,0.767519,0.763301,0.765814,0.765814,0
2015-06-01,0.764,0.766871,0.760514,0.764526,0.764526,0
2015-06-02,0.761499,0.77694,0.761499,0.761499,0.761499,0
2015-06-03,0.776217,0.781861,0.775494,0.776398,0.776398,0
2015-06-04,0.77694,0.778089,0.766577,0.777484,0.777484,0
2015-06-05,0.768758,0.77232,0.760225,0.768817,0.768817,0
2015-06-08,0.761731,0.76599,0.760803,0.762137,0.762137,0
2015-06-09,0.768699,0.772201,0.764877,0.768817,0.768817,0
2015-06-10,0.76929,0.778574,0.764117,0.769112,0.769112,0
2015-06-11,0.772798,0.778877,0.770119,0.773156,0.773156,0
2015-06-12,0.775014,0.775855,0.768108,0.774887,0.774887,0
2015-06-15,0.772678,0.777726,0.770594,0.773036,0.773036,0
2015-06-16,0.775916,0.778028,0.77238,0.775795,0.775795,0
2015-06-17,0.774653,0.774953,0.766166,0.774713,0.774713,0
2015-06-18,0.772082,0.785114,0.771188,0.772559,0.772559,0
2015-06-19,0.778998,0.781006,0.773814,0.778998,0.778998,0
2015-06-22,0.77682,0.779788,0.773874,0.776578,0.776578,0
2015-06-23,0.772857,0.774773,0.768167,0.772857,0.772857,0
2015-06-24,0.774653,0.77682,0.768403,0.774234,0.774234,0
2015-06-25,0.770832,0.775314,0.770772,0.770951,0.770951,0
2015-06-26,0.773515,0.773575,0.763242,0.773395,0.773395,0
2015-06-29,0.762079,0.768521,0.761789,0.76266,0.76266,0
2015-06-30,0.767224,0.772499,0.766225,0.767283,0.767283,0
2015-07-01,0.769349,0.773694,0.765404,0.769408,0.769408,0
2015-07-02,0.763825,0.765873,0.759186,0.764175,0.764175,0
2015-07-03,0.763709,0.765228,0.751089,0.763884,0.763884,0
2015-07-06,0.748839,0.753125,0.746603,0.748447,0.748447,0
2015-07-07,0.747647,0.74985,0.740083,0.747882,0.747882,0
2015-07-08,0.745657,0.745657,0.737626,0.745823,0.745823,0
2015-07-09,0.74228,0.749176,0.73959,0.742225,0.742225,0
2015-07-10,0.746213,0.749681,0.741675,0.746102,0.746102,0
2015-07-13,0.74217,0.746491,0.738498,0.742501,0.742501,0
2015-07-14,0.739481,0.748223,0.738989,0.739481,0.739481,0
2015-07-15,0.744491,0.748951,0.73654,0.744602,0.744602,0
2015-07-16,0.737083,0.743826,0.735186,0.737354,0.737354,0
2015-07-17,0.741675,0.742225,0.736974,0.74151,0.74151,0
2015-07-20,0.73692,0.739919,0.733138,0.73692,0.73692,0
2015-07-21,0.737246,0.744657,0.734322,0.73755,0.73755,0
2015-07-22,0.742721,0.743716,0.736323,0.742501,0.742501,0
2015-07-23,0.737409,0.741895,0.735835,0.737517,0.737517,0
2015-07-24,0.735889,0.735998,0.726216,0.735619,0.735619,0
2015-07-27,0.72759,0.732386,0.726744,0.72759,0.72759,0
2015-07-28,0.727696,0.733192,0.725953,0.72759,0.72759,0
2015-07-29,0.734808,0.735024,0.72998,0.7347,0.7347,0
2015-07-30,0.729714,0.732279,0.726005,0.729874,0.729874,0
2015-07-31,0.729714,0.736377,0.723694,0.729448,0.729448,0
2015-08-03,0.730087,0.731422,0.72648,0.72998,0.72998,0
2015-08-04,0.72759,0.742887,0.726586,0.72759,0.72759,0
2015-08-05,0.737681,0.739262,0.733783,0.737626,0.737626,0
2015-08-06,0.735024,0.737626,0.73185,0.735294,0.735294,0
2015-08-07,0.734376,0.741015,0.733999,0.734538,0.734538,0
2015-08-10,0.739973,0.741015,0.735456,0.740192,0.740192,0
2015-08-11,0.74151,0.743882,0.728544,0.7414,0.7414,0
2015-08-12,0.731529,0.738825,0.722596,0.731048,0.731048,0
2015-08-13,0.738498,0.740796,0.732601,0.738116,0.738116,0
2015-08-14,0.737354,0.739809,0.735781,0.737517,0.737517,0
2015-08-17,0.736974,0.73888,0.734592,0.73692,0.73692,0
2015-08-18,0.737517,0.738607,0.732332,0.737083,0.737083,0
2015-08-19,0.734053,0.736594,0.731422,0.733999,0.733999,0
2015-08-20,0.735456,0.737083,0.728597,0.735456,0.735456,0
2015-08-21,0.733676,0.735619,0.729022,0.73373,0.73373,0
2015-08-24,0.725479,0.727696,0.707314,0.725847,0.725847,0
2015-08-25,0.717721,0.7249,0.716794,0.717206,0.717206,0
2015-08-26,0.710328,0.715308,0.708015,0.71053,0.71053,0
2015-08-27,0.712149,0.717875,0.710076,0.712454,0.712454,0
2015-08-28,0.717824,0.720617,0.712403,0.717412,0.717412,0
2015-08-31,0.71398,0.715922,0.708516,0.714082,0.714082,0
2015-09-01,0.711035,0.715001,0.702001,0.710934,0.710934,0
2015-09-02,0.701213,0.704225,0.698568,0.700918,0.700918,0
2015-09-03,0.704424,0.706115,0.69979,0.704722,0.704722,0
2015-09-04,0.702296,0.702296,0.691181,0.701902,0.701902,0
2015-09-07,0.693577,0.69512,0.691706,0.693577,0.693577,0
2015-09-08,0.694444,0.702691,0.693722,0.694637,0.694637,0
2015-09-09,0.703581,0.707114,0.702001,0.703779,0.703779,0
2015-09-10,0.69604,0.709019,0.695217,0.696573,0.696573,0
2015-09-11,0.707414,0.708215,0.70373,0.707114,0.707114,0
2015-09-14,0.710278,0.715308,0.706614,0.709975,0.709975,0
2015-09-15,0.716486,0.716794,0.708767,0.716076,0.716076,0
2015-09-16,0.712708,0.719891,0.712606,0.712809,0.712809,0
2015-09-17,0.720046,0.720617,0.714184,0.719994,0.719994,0
2015-09-18,0.719166,0.728014,0.717,0.718907,0.718907,0
2015-09-21,0.719321,0.719891,0.712301,0.719011,0.719011,0
2015-09-22,0.713114,0.716076,0.706015,0.713012,0.713012,0
2015-09-23,0.707564,0.708717,0.700378,0.707914,0.707914,0
2015-09-24,0.700476,0.702395,0.694252,0.699888,0.699888,0
2015-09-25,0.701213,0.704374,0.69935,0.701164,0.701164,0
2015-09-28,0.702198,0.703878,0.698217,0.702099,0.702099,0
2015-09-29,0.69701,0.702099,0.693914,0.697204,0.697204,0
2015-09-30,0.701115,0.703977,0.699154,0.700378,0.700378,0
2015-10-01,0.700967,0.708516,0.700722,0.701016,0.701016,0
2015-10-02,0.703878,0.706215,0.700427,0.70368,0.70368,0
2015-10-05,0.704672,0.711086,0.704473,0.704821,0.704821,0
2015-10-06,0.708818,0.715001,0.707214,0.708818,0.708818,0
2015-10-07,0.716025,0.723484,0.715256,0.715922,0.715922,0
2015-10-08,0.719994,0.722804,0.716692,0.719476,0.719476,0
2015-10-09,0.727114,0.734592,0.726111,0.726744,0.726744,0
2015-10-12,0.731101,0.738225,0.730674,0.731475,0.731475,0
2015-10-13,0.734646,0.735024,0.725584,0.73443,0.73443,0
2015-10-14,0.722648,0.729288,0.720825,0.722282,0.722282,0
2015-10-15,0.732493,0.736594,0.727008,0.732011,0.732011,0
2015-10-16,0.732708,0.732708,0.725479,0.732923,0.732923,0
2015-10-19,0.725953,0.730727,0.724113,0.726005,0.726005,0
2015-10-20,0.726005,0.72982,0.725058,0.725637,0.725637,0
2015-10-21,0.726903,0.727696,0.720513,0.726744,0.726744,0
2015-10-22,0.721553,0.723851,0.718804,0.721553,0.721553,0
2015-10-23,0.721397,0.729501,0.720565,0.721188,0.721188,0
2015-10-26,0.722387,0.72722,0.722282,0.722387,0.722387,0
2015-10-27,0.7249,0.726005,0.721813,0.725111,0.725111,0
2015-10-28,0.719683,0.719787,0.711339,0.719269,0.719269,0
2015-10-29,0.709723,0.711997,0.707214,0.710076,0.710076,0
2015-10-30,0.70922,0.713419,0.708617,0.709019,0.709019,0
2015-11-02,0.713725,0.71541,0.713012,0.713725,0.713725,0
2015-11-03,0.716025,0.721605,0.715103,0.715922,0.715922,0
2015-11-04,0.719011,0.722491,0.714592,0.719114,0.719114,0
2015-11-05,0.713725,0.717154,0.712809,0.713878,0.713878,0
2015-11-06,0.714847,0.717206,0.703581,0.714796,0.714796,0
2015-11-09,0.703977,0.707114,0.703383,0.703878,0.703878,0
2015-11-10,0.705318,0.706514,0.702099,0.705119,0.705119,0
2015-11-11,0.704325,0.707914,0.704126,0.704672,0.704672,0
2015-11-12,0.706914,0.71541,0.706714,0.707114,0.707114,0
2015-11-13,0.713623,0.715615,0.710884,0.713725,0.713725,0
2015-11-16,0.710884,0.713216,0.708466,0.710581,0.710581,0
2015-11-17,0.70932,0.714082,0.707564,0.709522,0.709522,0
2015-11-18,0.71144,0.7122,0.708366,0.711389,0.711389,0
2015-11-19,0.711794,0.720825,0.711794,0.711794,0.711794,0
2015-11-20,0.719217,0.725111,0.718701,0.719166,0.719166,0
2015-11-23,0.722596,0.723118,0.716384,0.722909,0.722909,0
2015-11-24,0.718907,0.724113,0.718856,0.718907,0.718907,0
2015-11-25,0.725426,0.728385,0.722804,0.725795,0.725795,0
2015-11-26,0.725689,0.726322,0.721188,0.725584,0.725584,0
2015-11-27,0.722126,0.72406,0.718597,0.721917,0.721917,0
2015-11-30,0.718597,0.724795,0.717257,0.718391,0.718391,0
2015-12-01,0.723275,0.732225,0.722804,0.723275,0.723275,0
2015-12-02,0.732493,0.733999,0.730567,0.732332,0.732332,0
2015-12-03,0.7303,0.734808,0.728597,0.7303,0.7303,0
2015-12-04,0.733192,0.738607,0.72812,0.732977,0.732977,0
2015-12-07,0.733999,0.734214,0.725847,0.734214,0.734214,0
2015-12-08,0.725795,0.72722,0.719011,0.7259,0.7259,0
2015-12-09,0.722387,0.72448,0.717309,0.722507,0.722507,0
2015-12-10,0.723484,0.733407,0.72338,0.723537,0.723537,0
2015-12-11,0.727379,0.727379,0.719011,0.72722,0.72722,0
2015-12-14,0.716589,0.726005,0.716384,0.716486,0.716486,0
2015-12-15,0.725689,0.728385,0.717,0.725479,0.725479,0
2015-12-16,0.720305,0.721813,0.718081,0.720305,0.720305,0
2015-12-17,0.720513,0.721709,0.711238,0.720877,0.720877,0
2015-12-18,0.712911,0.718081,0.711693,0.712809,0.712809,0
2015-12-21,0.717,0.719683,0.715717,0.716692,0.716692,0
2015-12-22,0.719891,0.725111,0.719217,0.719994,0.719994,0
2015-12-23,0.723223,0.725005,0.721188,0.723223,0.723223,0
2015-12-24,0.723275,0.728226,0.723275,0.72338,0.72338,0
2015-12-25,0.727379,0.729341,0.726691,0.72722,0.72722,0
2015-12-28,0.728491,0.728491,0.725689,0.728279,0.728279,0
2015-12-29,0.725795,0.730353,0.725637,0.725795,0.725795,0
2015-12-30,0.729182,0.73046,0.727379,0.729075,0.729075,0
2015-12-31,0.728385,0.732547,0.72812,0.728491,0.728491,0
2016-01-01,0.727167,0.727167,0.727167,0.727167,0.727167,0
2016-01-04,0.728597,0.729288,0.716846,0.728704,0.728704,0
2016-01-05,0.718339,0.721657,0.713419,0.718597,0.718597,0
2016-01-06,0.716178,0.717309,0.705816,0.716281,0.716281,0
2016-01-07,0.708015,0.708767,0.698227,0.708015,0.708015,0
2016-01-08,0.701705,0.707364,0.697253,0.701804,0.701804,0
2016-01-11,0.694059,0.703482,0.693914,0.6943,0.6943,0
2016-01-12,0.69891,0.702346,0.694396,0.698714,0.698714,0
2016-01-13,0.698617,0.70492,0.698373,0.698714,0.698714,0
2016-01-14,0.693674,0.697399,0.691085,0.693577,0.693577,0
2016-01-15,0.699888,0.699888,0.686672,0.699692,0.699692,0
2016-01-18,0.685918,0.692617,0.685401,0.686106,0.686106,0
2016-01-19,0.687522,0.695894,0.684228,0.6879,0.6879,0
2016-01-20,0.691228,0.691228,0.6832,0.691706,0.691706,0
2016-01-21,0.694348,0.695701,0.687853,0.693722,0.693722,0
2016-01-22,0.701656,0.704622,0.69891,0.701607,0.701607,0
2016-01-25,0.700182,0.702889,0.69701,0.700403,0.700403,0
2016-01-26,0.694107,0.700722,0.692329,0.693914,0.693914,0
2016-01-27,0.700722,0.707014,0.699741,0.700722,0.700722,0
2016-01-28,0.70141,0.712606,0.701016,0.701607,0.701607,0
2016-01-29,0.708416,0.714184,0.707314,0.708617,0.708617,0
2016-02-01,0.707114,0.70922,0.704424,0.706864,0.706864,0
2016-02-02,0.710884,0.713063,0.704176,0.711086,0.711086,0
2016-02-03,0.70279,0.710783,0.700624,0.702988,0.702988,0
2016-02-04,0.715922,0.724323,0.715922,0.715461,0.715461,0
2016-02-05,0.719994,0.721293,0.708818,0.719942,0.719942,0
2016-02-08,0.708617,0.713012,0.705268,0.708617,0.708617,0
2016-02-09,0.707814,0.708265,0.697691,0.707914,0.707914,0
2016-02-10,0.706614,0.712504,0.703977,0.706714,0.706714,0
2016-02-11,0.710227,0.715103,0.699056,0.710379,0.710379,0
2016-02-12,0.712606,0.712911,0.706614,0.712403,0.712403,0
2016-02-15,0.711693,0.717206,0.711339,0.711693,0.711693,0
2016-02-16,0.714745,0.718391,0.708968,0.714796,0.714796,0
2016-02-17,0.711794,0.716897,0.708667,0.711997,0.711997,0
2016-02-18,0.71736,0.718391,0.713623,0.717618,0.717618,0
2016-02-19,0.715103,0.715256,0.707124,0.715001,0.715001,0
2016-02-22,0.714592,0.723589,0.714286,0.714286,0.714286,0
2016-02-23,0.723484,0.725795,0.721397,0.723484,0.723484,0
2016-02-24,0.71958,0.721188,0.714847,0.71958,0.71958,0
2016-02-25,0.719476,0.721709,0.716076,0.719476,0.719476,0
2016-02-26,0.723903,0.725479,0.716178,0.723589,0.723589,0
2016-02-29,0.712911,0.716589,0.711288,0.712809,0.712809,0
2016-03-01,0.714184,0.719114,0.711035,0.714286,0.714286,0
2016-03-02,0.718391,0.726164,0.716692,0.718184,0.718184,0
2016-03-03,0.728651,0.736974,0.728385,0.72881,0.72881,0
2016-03-04,0.735727,0.743218,0.734268,0.735781,0.735781,0
2016-03-07,0.740905,0.747217,0.739481,0.741141,0.741141,0
2016-03-08,0.745823,0.747217,0.741125,0.745823,0.745823,0
2016-03-09,0.743494,0.751145,0.7414,0.743384,0.743384,0
2016-03-10,0.746993,0.750694,0.744491,0.747105,0.747105,0
2016-03-11,0.745935,0.758265,0.74499,0.746213,0.746213,0
2016-03-14,0.756372,0.759474,0.749738,0.756315,0.756315,0
2016-03-15,0.751993,0.752899,0.744768,0.752106,0.752106,0
2016-03-16,0.746269,0.747719,0.741785,0.746324,0.746324,0
2016-03-17,0.754489,0.765287,0.754489,0.754717,0.754717,0
2016-03-18,0.764643,0.768285,0.760514,0.764994,0.764994,0
2016-03-21,0.759474,0.762893,0.75706,0.759763,0.759763,0
2016-03-22,0.757002,0.764117,0.755401,0.757174,0.757174,0
2016-03-23,0.762021,0.764935,0.753182,0.762021,0.762021,0
2016-03-24,0.753523,0.753579,0.747999,0.753352,0.753352,0
2016-03-25,0.752785,0.75392,0.750976,0.752672,0.752672,0
2016-03-28,0.750413,0.755915,0.749681,0.750582,0.750582,0
2016-03-29,0.755401,0.757289,0.751145,0.755687,0.755687,0
2016-03-30,0.763884,0.770594,0.761673,0.764,0.764,0
2016-03-31,0.76599,0.77232,0.763709,0.766107,0.766107,0
2016-04-01,0.766989,0.769586,0.760283,0.766989,0.766989,0
2016-04-04,0.766812,0.767519,0.760225,0.766871,0.766871,0
2016-04-05,0.759878,0.76266,0.751202,0.759994,0.759994,0
2016-04-06,0.754546,0.761731,0.753409,0.754603,0.754603,0
2016-04-07,0.761151,0.763709,0.7494,0.761209,0.761209,0
2016-04-08,0.751597,0.758093,0.751145,0.751371,0.751371,0
2016-04-11,0.756601,0.762951,0.753125,0.756487,0.756487,0
2016-04-12,0.759417,0.767401,0.758725,0.759474,0.759474,0
2016-04-13,0.768699,0.771724,0.763534,0.768521,0.768521,0
2016-04-14,0.76599,0.773575,0.762079,0.766225,0.766225,0
2016-04-15,0.768876,0.773515,0.768285,0.769586,0.769586,0
2016-04-18,0.764526,0.775976,0.763709,0.764,0.764,0
2016-04-19,0.777182,0.782167,0.776096,0.777122,0.777122,0
2016-04-20,0.77997,0.782963,0.77688,0.779666,0.779666,0
2016-04-21,0.780275,0.783515,0.775494,0.780214,0.780214,0
2016-04-22,0.774413,0.777484,0.771188,0.774293,0.774293,0
2016-04-25,0.771069,0.773096,0.76929,0.771081,0.771081,0
2016-04-26,0.771486,0.776578,0.770119,0.771724,0.771724,0
2016-04-27,0.774713,0.776578,0.757691,0.774773,0.774773,0
2016-04-28,0.760283,0.76599,0.75792,0.760398,0.760398,0
2016-04-29,0.763475,0.766812,0.760398,0.763417,0.763417,0
2016-05-02,0.761615,0.765638,0.759705,0.761731,0.761731,0
2016-05-03,0.766401,0.771307,0.749569,0.766378,0.766378,0
2016-05-04,0.749906,0.751936,0.74549,0.749963,0.749963,0
2016-05-05,0.746714,0.751428,0.745768,0.746714,0.746714,0
2016-05-06,0.747496,0.747775,0.73416,0.747608,0.747608,0
2016-05-09,0.737517,0.738716,0.731208,0.737626,0.737626,0
2016-05-10,0.731904,0.737463,0.73014,0.731689,0.731689,0
2016-05-11,0.7373,0.740357,0.73373,0.7373,0.7373,0
2016-05-12,0.735998,0.737463,0.731422,0.735781,0.735781,0
2016-05-13,0.731797,0.732225,0.725584,0.731797,0.731797,0
2016-05-16,0.72722,0.730994,0.72722,0.727484,0.727484,0
2016-05-17,0.729075,0.736757,0.728491,0.72881,0.72881,0
2016-05-18,0.732011,0.732011,0.725321,0.731368,0.731368,0
2016-05-19,0.722282,0.723484,0.71803,0.7227,0.7227,0
2016-05-20,0.723223,0.725111,0.721345,0.723223,0.723223,0
2016-05-23,0.7227,0.726216,0.719787,0.722804,0.722804,0
2016-05-24,0.722126,0.722491,0.714623,0.722387,0.722387,0
2016-05-25,0.719217,0.722022,0.717566,0.719062,0.719062,0
2016-05-26,0.718701,0.724428,0.717206,0.718649,0.718649,0
2016-05-27,0.722596,0.723641,0.718701,0.722596,0.722596,0
2016-05-30,0.717978,0.719011,0.715205,0.718494,0.718494,0
2016-05-31,0.719683,0.726797,0.718804,0.71958,0.71958,0
2016-06-01,0.723798,0.72998,0.722961,0.723694,0.723694,0
2016-06-02,0.725216,0.726956,0.720305,0.725005,0.725005,0
2016-06-03,0.723014,0.735024,0.722596,0.723118,0.723118,0
2016-06-06,0.734376,0.738225,0.73185,0.7347,0.7347,0
2016-06-07,0.737512,0.745879,0.736269,0.737354,0.737354,0
2016-06-08,0.744713,0.748279,0.743329,0.744602,0.744602,0
2016-06-09,0.749288,0.750413,0.74217,0.749681,0.749681,0
2016-06-10,0.7414,0.742721,0.739262,0.741675,0.741675,0
2016-06-13,0.7373,0.74118,0.736323,0.737409,0.737409,0
2016-06-14,0.737898,0.740631,0.733192,0.738116,0.738116,0
2016-06-15,0.73524,0.742115,0.733622,0.735619,0.735619,0
2016-06-16,0.741455,0.743163,0.728651,0.74162,0.74162,0
2016-06-17,0.739208,0.741125,0.737463,0.738716,0.738716,0
2016-06-20,0.742997,0.748279,0.742777,0.743108,0.743108,0
2016-06-21,0.746102,0.751428,0.745545,0.746102,0.746102,0
2016-06-22,0.745323,0.752842,0.74438,0.745379,0.745379,0
2016-06-23,0.751371,0.759705,0.751371,0.751428,0.751428,0
2016-06-24,0.755173,0.758323,0.731689,0.753523,0.753523,0
2016-06-27,0.742997,0.745212,0.733676,0.743108,0.743108,0
2016-06-28,0.735619,0.741675,0.73443,0.735727,0.735727,0
2016-06-29,0.740302,0.745823,0.738389,0.740521,0.740521,0
2016-06-30,0.746882,0.746993,0.737898,0.746993,0.746993,0
2016-07-01,0.74499,0.750413,0.743992,0.744879,0.744879,0
2016-07-04,0.746714,0.754717,0.746491,0.74638,0.74638,0
2016-07-05,0.753012,0.754603,0.745768,0.753012,0.753012,0
2016-07-06,0.744214,0.751597,0.74118,0.74438,0.74438,0
2016-07-07,0.751315,0.75392,0.747496,0.75188,0.75188,0
2016-07-08,0.749625,0.756487,0.747608,0.7494,0.7494,0
2016-07-11,0.755801,0.757748,0.752389,0.755915,0.755915,0
2016-07-12,0.753807,0.763884,0.753409,0.753807,0.753807,0
2016-07-13,0.760312,0.763884,0.757863,0.760572,0.760572,0
2016-07-14,0.759474,0.765228,0.759359,0.759647,0.759647,0
2016-07-15,0.761499,0.767695,0.75815,0.761499,0.761499,0
2016-07-18,0.759013,0.760861,0.757633,0.759013,0.759013,0
2016-07-19,0.757576,0.757576,0.747775,0.757518,0.757518,0
2016-07-20,0.750976,0.751202,0.746324,0.750751,0.750751,0
2016-07-21,0.746603,0.751597,0.745935,0.747161,0.747161,0
2016-07-22,0.750582,0.750638,0.74438,0.750694,0.750694,0
2016-07-25,0.74744,0.749344,0.745712,0.747608,0.747608,0
2016-07-26,0.747552,0.754205,0.746491,0.747608,0.747608,0
2016-07-27,0.751484,0.757002,0.745712,0.751654,0.751654,0
2016-07-28,0.752276,0.755116,0.750582,0.751744,0.751744,0
2016-07-29,0.751315,0.761093,0.749457,0.751258,0.751258,0
2016-08-01,0.758783,0.761615,0.755287,0.758783,0.758783,0
2016-08-02,0.753069,0.763825,0.750356,0.752842,0.752842,0
2016-08-03,0.760052,0.761499,0.757002,0.759994,0.759994,0
2016-08-04,0.758898,0.763942,0.758898,0.759013,0.759013,0
2016-08-05,0.764175,0.766577,0.759821,0.764,0.764,0
2016-08-08,0.761267,0.767283,0.759936,0.76118,0.76118,0
2016-08-09,0.766107,0.768764,0.762486,0.766049,0.766049,0
2016-08-10,0.766342,0.775735,0.766342,0.76646,0.76646,0
2016-08-11,0.771248,0.772499,0.769349,0.771545,0.771545,0
2016-08-12,0.769349,0.772559,0.76693,0.769586,0.769586,0
2016-08-15,0.765638,0.769053,0.763884,0.765638,0.765638,0
2016-08-16,0.767754,0.774713,0.765638,0.767636,0.767636,0
2016-08-17,0.769675,0.770772,0.761499,0.770078,0.770078,0
2016-08-18,0.766284,0.772201,0.765052,0.766401,0.766401,0
2016-08-19,0.767754,0.767754,0.760052,0.767872,0.767872,0
2016-08-22,0.760688,0.763825,0.758495,0.760803,0.760803,0
2016-08-23,0.763126,0.765638,0.762776,0.763009,0.763009,0
2016-08-24,0.761325,0.763534,0.759013,0.761383,0.761383,0
2016-08-25,0.760861,0.764,0.760398,0.761035,0.761035,0
2016-08-26,0.762428,0.769053,0.761441,0.762486,0.762486,0
2016-08-29,0.753858,0.757633,0.752729,0.754432,0.754432,0
2016-08-30,0.757576,0.758035,0.751089,0.757748,0.757748,0
2016-08-31,0.752389,0.753523,0.749176,0.752445,0.752445,0
2016-09-01,0.751936,0.755287,0.750694,0.751993,0.751993,0
2016-09-02,0.755116,0.761267,0.753864,0.755287,0.755287,0
2016-09-05,0.756487,0.760803,0.756487,0.756487,0.756487,0
2016-09-06,0.759301,0.768521,0.759301,0.759301,0.759301,0
2016-09-07,0.76858,0.769764,0.765404,0.768817,0.768817,0
2016-09-08,0.76693,0.773216,0.766577,0.76693,0.76693,0
2016-09-09,0.764994,0.765814,0.755116,0.765052,0.765052,0
2016-09-12,0.754262,0.755002,0.749513,0.754489,0.754489,0
2016-09-13,0.756716,0.757002,0.746882,0.756716,0.756716,0
2016-09-14,0.746714,0.749625,0.745268,0.746938,0.746938,0
2016-09-15,0.748335,0.751597,0.744934,0.748223,0.748223,0
2016-09-16,0.751315,0.752785,0.747664,0.751315,0.751315,0
2016-09-19,0.7503,0.757576,0.750255,0.750188,0.750188,0
2016-09-20,0.753977,0.756773,0.753125,0.75375,0.75375,0
2016-09-21,0.755744,0.760514,0.753693,0.755801,0.755801,0
2016-09-22,0.763884,0.767577,0.762835,0.763242,0.763242,0
2016-09-23,0.764602,0.765404,0.761209,0.764935,0.764935,0
2016-09-26,0.761499,0.764994,0.760398,0.761615,0.761615,0
2016-09-27,0.763266,0.769704,0.761383,0.763382,0.763382,0
2016-09-28,0.766871,0.768876,0.764584,0.766989,0.766989,0
2016-09-29,0.769231,0.771188,0.765462,0.769408,0.769408,0
2016-09-30,0.762893,0.767283,0.759129,0.762835,0.762835,0
2016-10-03,0.764526,0.768403,0.764234,0.764409,0.764409,0
2016-10-04,0.768462,0.768817,0.763825,0.76864,0.76864,0
2016-10-05,0.761209,0.764526,0.759532,0.761093,0.761093,0
2016-10-06,0.762079,0.762311,0.756372,0.762369,0.762369,0
2016-10-07,0.75761,0.762428,0.755515,0.757805,0.757805,0
2016-10-10,0.760109,0.763126,0.75815,0.759994,0.759994,0
2016-10-11,0.759994,0.759994,0.75375,0.759994,0.759994,0
2016-10-12,0.756315,0.759129,0.755344,0.756258,0.756258,0
2016-10-13,0.755515,0.756773,0.750863,0.755801,0.755801,0
2016-10-14,0.756315,0.764877,0.755744,0.756372,0.756372,0
2016-10-17,0.75959,0.762893,0.758323,0.759647,0.759647,0
2016-10-18,0.764292,0.769172,0.764175,0.764059,0.764059,0
2016-10-19,0.767283,0.771724,0.766166,0.76746,0.76746,0
2016-10-20,0.772738,0.773575,0.762544,0.772618,0.772618,0
2016-10-21,0.763359,0.764877,0.759013,0.763301,0.763301,0
2016-10-24,0.760283,0.764175,0.759244,0.760225,0.760225,0
2016-10-25,0.759359,0.76558,0.759359,0.759417,0.759417,0
2016-10-26,0.765111,0.770772,0.764292,0.765052,0.765052,0
2016-10-27,0.764877,0.765287,0.75959,0.764994,0.764994,0
2016-10-28,0.759129,0.760919,0.755915,0.759013,0.759013,0
2016-10-31,0.759474,0.761905,0.758553,0.759821,0.759821,0
2016-11-01,0.760803,0.768994,0.759936,0.760746,0.760746,0
2016-11-02,0.764643,0.76799,0.761487,0.764526,0.764526,0
2016-11-03,0.765169,0.76858,0.763884,0.765345,0.765345,0
2016-11-04,0.768521,0.769823,0.765404,0.76858,0.76858,0
2016-11-07,0.767813,0.770891,0.766871,0.767872,0.767872,0
2016-11-08,0.772082,0.77232,0.769053,0.772022,0.772022,0
2016-11-09,0.774713,0.777122,0.758495,0.774593,0.774593,0
2016-11-10,0.765052,0.774174,0.757289,0.764935,0.764935,0
2016-11-11,0.760977,0.763009,0.754091,0.760861,0.760861,0
2016-11-14,0.755287,0.757461,0.752615,0.754945,0.754945,0
2016-11-15,0.75683,0.758898,0.751315,0.757117,0.757117,0
2016-11-16,0.755458,0.757289,0.746324,0.755344,0.755344,0
2016-11-17,0.749176,0.749681,0.745045,0.749457,0.749457,0
2016-11-18,0.740083,0.740686,0.734376,0.739809,0.739809,0
2016-11-21,0.732547,0.73828,0.731315,0.732332,0.732332,0
2016-11-22,0.737735,0.741455,0.737191,0.737681,0.737681,0
2016-11-23,0.741125,0.744546,0.737517,0.741015,0.741015,0
2016-11-24,0.737517,0.74162,0.736594,0.737463,0.737463,0
2016-11-25,0.741785,0.74677,0.740138,0.741675,0.741675,0
2016-11-28,0.744214,0.7494,0.743494,0.744546,0.744546,0
2016-11-29,0.749569,0.74985,0.743467,0.749457,0.749457,0
2016-11-30,0.748503,0.749738,0.73888,0.748447,0.748447,0
2016-12-01,0.739044,0.74206,0.737626,0.73888,0.73888,0
2016-12-02,0.74228,0.746826,0.740247,0.742115,0.742115,0
2016-12-05,0.743937,0.746993,0.741565,0.74438,0.74438,0
2016-12-06,0.747323,0.748279,0.743384,0.74744,0.74744,0
2016-12-07,0.747272,0.748223,0.741895,0.747217,0.747217,0
2016-12-08,0.748671,0.750638,0.743052,0.748615,0.748615,0
2016-12-09,0.745935,0.749681,0.744491,0.745951,0.745951,0
2016-12-12,0.744879,0.750525,0.743826,0.744823,0.744823,0
2016-12-13,0.749681,0.752389,0.747664,0.749738,0.749738,0
2016-12-14,0.749457,0.752276,0.748335,0.749457,0.749457,0
2016-12-15,0.740631,0.743052,0.734916,0.74107,0.74107,0
2016-12-16,0.736757,0.736974,0.726945,0.736811,0.736811,0
2016-12-19,0.729182,0.731475,0.725058,0.729129,0.729129,0
2016-12-20,0.725216,0.726375,0.722387,0.725111,0.725111,0
2016-12-21,0.72685,0.728226,0.724165,0.726956,0.726956,0
2016-12-22,0.723589,0.725795,0.719942,0.723537,0.723537,0
2016-12-23,0.722178,0.722909,0.716076,0.722178,0.722178,0
2016-12-26,0.717721,0.724638,0.716794,0.717927,0.717927,0
2016-12-27,0.718133,0.719994,0.717412,0.718081,0.718081,0
2016-12-28,0.719114,0.722022,0.716486,0.719114,0.719114,0
2016-12-29,0.718494,0.722022,0.718391,0.718494,0.718494,0
2016-12-30,0.723641,0.724795,0.721709,0.723484,0.723484,0
2017-01-02,0.720981,0.722178,0.717,0.720981,0.720981,0
2017-01-03,0.71958,0.723798,0.71958,0.719683,0.719683,0
2017-01-04,0.723066,0.727961,0.722116,0.722993,0.722993,0
2017-01-05,0.728916,0.734916,0.727908,0.728704,0.728704,0
2017-01-06,0.733783,0.73551,0.730727,0.733837,0.733837,0
2017-01-09,0.731261,0.7347,0.7303,0.731208,0.731208,0
2017-01-10,0.735727,0.738607,0.733353,0.735998,0.735998,0
2017-01-11,0.736052,0.739809,0.735348,0.73616,0.73616,0
2017-01-12,0.744823,0.751993,0.743052,0.744713,0.744713,0
2017-01-13,0.748783,0.750807,0.745156,0.748839,0.748839,0
2017-01-16,0.750188,0.750188,0.745935,0.749794,0.749794,0
2017-01-17,0.747272,0.756258,0.746597,0.747328,0.747328,0
2017-01-18,0.754968,0.756716,0.754063,0.75507,0.75507,0
2017-01-19,0.751033,0.757232,0.749412,0.75092,0.75092,0
2017-01-20,0.756659,0.758898,0.751823,0.756659,0.756659,0
2017-01-23,0.757163,0.758783,0.755116,0.757346,0.757346,0
2017-01-24,0.758265,0.760977,0.75543,0.758265,0.758265,0
2017-01-25,0.758967,0.759821,0.751654,0.759244,0.759244,0
2017-01-26,0.757863,0.75861,0.752887,0.757404,0.757404,0
2017-01-27,0.753182,0.757117,0.751349,0.753352,0.753352,0
2017-01-30,0.75547,0.756773,0.752955,0.755361,0.755361,0
2017-01-31,0.75631,0.760572,0.75437,0.756544,0.756544,0
2017-02-01,0.757805,0.759821,0.755201,0.758035,0.758035,0
2017-02-02,0.758553,0.769586,0.758553,0.75838,0.75838,0
2017-02-03,0.765697,0.769586,0.76365,0.765462,0.765462,0
2017-02-06,0.767813,0.768108,0.763033,0.767601,0.767601,0
2017-02-07,0.764701,0.768226,0.760803,0.764584,0.764584,0
2017-02-08,0.762032,0.766518,0.761383,0.762253,0.762253,0
2017-02-09,0.763475,0.766401,0.761249,0.763172,0.763172,0
2017-02-10,0.762718,0.767519,0.762009,0.76259,0.76259,0
2017-02-13,0.766948,0.76799,0.763242,0.767012,0.767012,0
2017-02-14,0.764269,0.769882,0.762486,0.76424,0.76424,0
2017-02-15,0.766942,0.768935,0.763773,0.76693,0.76693,0
2017-02-16,0.77238,0.773228,0.76861,0.772147,0.772147,0
2017-02-17,0.769764,0.771426,0.76599,0.769823,0.769823,0
2017-02-20,0.766812,0.768882,0.766107,0.766801,0.766801,0
2017-02-21,0.76887,0.768935,0.765088,0.768876,0.768876,0
2017-02-22,0.76766,0.771129,0.766754,0.767636,0.767636,0
2017-02-23,0.769752,0.774174,0.766671,0.769704,0.769704,0
2017-02-24,0.771307,0.772082,0.76663,0.771307,0.771307,0
2017-02-27,0.766871,0.770452,0.766695,0.767048,0.767048,0
2017-02-28,0.76756,0.769586,0.766871,0.767636,0.767636,0
2017-03-01,0.764292,0.769764,0.764,0.764228,0.764228,0
2017-03-02,0.765978,0.766577,0.756802,0.765755,0.765755,0
2017-03-03,0.75726,0.758438,0.754489,0.757232,0.757232,0
2017-03-06,0.759042,0.760977,0.757174,0.759474,0.759474,0
2017-03-07,0.759157,0.762922,0.758553,0.758921,0.758921,0
2017-03-08,0.759232,0.760977,0.753466,0.759497,0.759497,0
2017-03-09,0.752729,0.753466,0.749344,0.752899,0.752899,0
2017-03-10,0.750751,0.755492,0.750638,0.750751,0.750751,0
2017-03-13,0.75404,0.759301,0.753523,0.754375,0.754375,0
2017-03-14,0.757117,0.757708,0.754091,0.756659,0.756659,0
2017-03-15,0.756618,0.760283,0.755687,0.75655,0.75655,0
2017-03-16,0.77063,0.771629,0.76646,0.770594,0.770594,0
2017-03-17,0.767165,0.771724,0.766689,0.766989,0.766989,0
2017-03-20,0.770772,0.774689,0.769882,0.770475,0.770475,0
2017-03-21,0.773096,0.775074,0.77006,0.773036,0.773036,0
2017-03-22,0.767283,0.768403,0.764082,0.767413,0.767413,0
2017-03-23,0.766812,0.766989,0.762544,0.766942,0.766942,0
2017-03-24,0.763592,0.764234,0.760549,0.763417,0.763417,0
2017-03-27,0.76344,0.764994,0.761035,0.763301,0.763301,0
2017-03-28,0.762951,0.76558,0.758898,0.762893,0.762893,0
2017-03-29,0.765462,0.766577,0.763417,0.76524,0.76524,0
2017-03-30,0.767271,0.768108,0.765111,0.767048,0.767048,0
2017-03-31,0.765169,0.766401,0.762428,0.765521,0.765521,0
2017-04-03,0.763068,0.764117,0.759186,0.762992,0.762992,0
2017-04-04,0.760508,0.761499,0.75466,0.760514,0.760514,0
2017-04-05,0.75683,0.758783,0.756086,0.756888,0.756888,0
2017-04-06,0.756601,0.756945,0.753352,0.756779,0.756779,0
2017-04-07,0.753977,0.754603,0.750508,0.754148,0.754148,0
2017-04-10,0.750694,0.75092,0.74768,0.750723,0.750723,0
2017-04-11,0.750678,0.751597,0.747608,0.750694,0.750694,0
2017-04-12,0.75003,0.750976,0.748111,0.750362,0.750362,0
2017-04-13,0.753818,0.75959,0.75333,0.753909,0.753909,0
2017-04-14,0.756601,0.758495,0.756018,0.756601,0.756601,0
2017-04-17,0.758093,0.761058,0.757978,0.758093,0.758093,0
2017-04-18,0.759186,0.759705,0.753409,0.759186,0.759186,0
2017-04-19,0.755915,0.756258,0.749681,0.755915,0.755915,0
2017-04-20,0.749518,0.754774,0.749518,0.749625,0.749625,0
2017-04-21,0.751823,0.754603,0.751648,0.751908,0.751908,0
2017-04-24,0.755801,0.75838,0.754888,0.755572,0.755572,0
2017-04-25,0.756149,0.756716,0.752106,0.755972,0.755972,0
2017-04-26,0.753687,0.754603,0.745551,0.753693,0.753693,0
2017-04-27,0.747887,0.749232,0.744103,0.748033,0.748033,0
2017-04-28,0.747105,0.748503,0.744823,0.74672,0.74672,0
2017-05-01,0.748391,0.754205,0.747496,0.748341,0.748341,0
2017-05-02,0.753131,0.755687,0.751089,0.753409,0.753409,0
2017-05-03,0.754432,0.75466,0.744657,0.754318,0.754318,0
2017-05-04,0.742898,0.743108,0.738389,0.742887,0.742887,0
2017-05-05,0.741125,0.741895,0.737028,0.741235,0.741235,0
2017-05-08,0.74135,0.742335,0.738116,0.741581,0.741581,0
2017-05-09,0.738973,0.739919,0.73303,0.73888,0.73888,0
2017-05-10,0.73416,0.739382,0.734053,0.734241,0.734241,0
2017-05-11,0.735803,0.737849,0.733945,0.736106,0.736106,0
2017-05-12,0.73779,0.74228,0.736909,0.737898,0.737898,0
2017-05-15,0.739372,0.744602,0.738918,0.73929,0.73929,0
2017-05-16,0.742016,0.743826,0.739579,0.742054,0.742054,0
2017-05-17,0.742225,0.744291,0.738973,0.742115,0.742115,0
2017-05-18,0.742997,0.746714,0.740949,0.743108,0.743108,0
2017-05-19,0.74206,0.746046,0.740796,0.742225,0.742225,0
2017-05-22,0.745156,0.748867,0.743605,0.745212,0.745212,0
2017-05-23,0.747217,0.751823,0.746887,0.747105,0.747105,0
2017-05-24,0.747496,0.748615,0.744325,0.747161,0.747161,0
2017-05-25,0.749749,0.75188,0.746168,0.749749,0.749749,0
2017-05-26,0.745434,0.746157,0.74228,0.745601,0.745601,0
2017-05-29,0.744325,0.745212,0.74287,0.744435,0.744435,0
2017-05-30,0.743893,0.746603,0.74195,0.743882,0.743882,0
2017-05-31,0.74599,0.747608,0.74276,0.745935,0.745935,0
2017-06-01,0.742556,0.745323,0.737354,0.742666,0.742666,0
2017-06-02,0.738062,0.74438,0.737479,0.737953,0.737953,0
2017-06-05,0.742666,0.748783,0.742335,0.74287,0.74287,0
2017-06-06,0.748895,0.752219,0.745851,0.748727,0.748727,0
2017-06-07,0.75101,0.756659,0.750131,0.750976,0.750976,0
2017-06-08,0.753977,0.755572,0.752559,0.754205,0.754205,0
2017-06-09,0.752842,0.754392,0.75201,0.752831,0.752831,0
2017-06-12,0.752842,0.754774,0.752219,0.753012,0.753012,0
2017-06-13,0.754888,0.756487,0.752559,0.754774,0.754774,0
2017-06-14,0.753699,0.763534,0.753352,0.753807,0.753807,0
2017-06-15,0.758956,0.763417,0.756991,0.758898,0.758898,0
2017-06-16,0.758783,0.762718,0.757742,0.758553,0.758553,0
2017-06-19,0.761783,0.763126,0.75861,0.762137,0.762137,0
2017-06-20,0.759198,0.762253,0.757329,0.759192,0.759192,0
2017-06-21,0.757691,0.757972,0.754831,0.75761,0.75761,0
2017-06-22,0.755173,0.756315,0.753631,0.755087,0.755087,0
2017-06-23,0.754205,0.758323,0.754148,0.754148,0.754148,0
2017-06-26,0.757174,0.760109,0.756601,0.756767,0.756767,0
2017-06-27,0.758288,0.762718,0.757771,0.758438,0.758438,0
2017-06-28,0.758668,0.764059,0.757869,0.758668,0.758668,0
2017-06-29,0.763709,0.768699,0.763709,0.763592,0.763592,0
2017-06-30,0.768657,0.77101,0.766871,0.768521,0.768521,0
2017-07-03,0.768994,0.769402,0.764584,0.768829,0.768829,0
2017-07-04,0.766618,0.768226,0.759186,0.766618,0.766618,0
2017-07-05,0.761209,0.763161,0.757174,0.761209,0.761209,0
2017-07-06,0.759919,0.761441,0.757805,0.760092,0.760092,0
2017-07-07,0.758035,0.762137,0.757289,0.757978,0.757978,0
2017-07-10,0.760514,0.761615,0.758783,0.760514,0.760514,0
2017-07-11,null,null,null,null,null,null
2017-07-12,0.763942,0.768462,0.763767,0.763901,0.763901,0
2017-07-13,0.76799,0.774114,0.767648,0.767919,0.767919,0
2017-07-14,0.774174,0.782871,0.773539,0.774054,0.774054,0
2017-07-17,0.782491,0.783822,0.78039,0.782522,0.782522,0
2017-07-18,0.779089,0.794407,0.778755,0.779101,0.779101,0
2017-07-19,0.791954,0.795482,0.791271,0.791828,0.791828,0
2017-07-20,0.795969,0.798467,0.789808,0.79602,0.79602,0
2017-07-21,0.794811,0.795039,0.787873,0.794786,0.794786,0
2017-07-24,0.792456,0.796749,0.790514,0.792531,0.792531,0
2017-07-25,0.792531,0.797067,0.790839,0.79277,0.79277,0
2017-07-26,0.793141,0.793733,0.787997,0.793273,0.793273,0
2017-07-27,0.800077,0.806582,0.795811,0.800013,0.800013,0
2017-07-28,0.797607,0.800679,0.793777,0.797359,0.797359,0
2017-07-31,0.798193,0.798913,0.795773,0.798594,0.798594,0
2017-08-01,0.800378,0.804505,0.796197,0.799872,0.799872,0
2017-08-02,0.795672,0.798531,0.794281,0.795608,0.795608,0
2017-08-03,0.795608,0.795893,0.791703,0.79552,0.79552,0
2017-08-04,0.795672,0.798085,0.789204,0.795988,0.795988,0
2017-08-07,0.792977,0.794723,0.790264,0.793084,0.793084,0
2017-08-08,0.791578,0.794281,0.788967,0.791672,0.791672,0
2017-08-09,0.789391,0.789902,0.78583,0.789827,0.789827,0
2017-08-10,0.789266,0.791083,0.786751,0.78916,0.78916,0
2017-08-11,0.786658,0.790826,0.784037,0.786658,0.786658,0
2017-08-14,0.790451,0.791954,0.785669,0.790408,0.790408,0
2017-08-15,0.785583,0.78765,0.780823,0.785361,0.785361,0
2017-08-16,0.782656,0.789204,0.782534,0.782595,0.782595,0
2017-08-17,0.79321,0.79628,0.791089,0.79321,0.79321,0
2017-08-18,0.787464,0.793903,0.787464,0.787526,0.787526,0
2017-08-21,0.792852,0.795102,0.791139,0.792751,0.792751,0
2017-08-22,0.793966,0.795039,0.789827,0.793777,0.793777,0
2017-08-23,0.791102,0.791139,0.78842,0.791327,0.791327,0
2017-08-24,0.791471,0.79164,0.78677,0.791077,0.791077,0
2017-08-25,0.789702,0.795361,0.788637,0.790014,0.790014,0
2017-08-28,0.79425,0.796369,0.79277,0.79406,0.79406,0
2017-08-29,0.792581,0.798237,0.79233,0.792456,0.792456,0
2017-08-30,0.795938,0.79968,0.789123,0.795672,0.795672,0
2017-08-31,0.790639,0.793966,0.787278,0.790701,0.790701,0
2017-09-01,0.794199,0.799233,0.792267,0.793966,0.793966,0
2017-09-04,0.796495,0.797194,0.794382,0.79647,0.79647,0
2017-09-05,0.79459,0.802813,0.794458,0.794534,0.794534,0
2017-09-06,0.800769,0.801989,0.796559,0.800698,0.800698,0
2017-09-07,0.800833,0.804505,0.797741,0.80109,0.80109,0
2017-09-08,0.805601,0.812427,0.805179,0.805802,0.805802,0
2017-09-11,0.804803,0.805932,0.802246,0.805153,0.805153,0
2017-09-12,0.802375,0.804887,0.799936,0.802375,0.802375,0
2017-09-13,0.801796,0.804505,0.797372,0.802008,0.802008,0
2017-09-14,0.79818,0.801667,0.795982,0.797957,0.797957,0
2017-09-15,0.800282,0.802942,0.798779,0.800179,0.800179,0
2017-09-18,0.79968,0.803536,0.796495,0.79968,0.79968,0
2017-09-19,0.79701,0.80141,0.796311,0.797111,0.797111,0
2017-09-20,0.800576,0.807331,0.800064,0.800576,0.800576,0
2017-09-21,0.801667,0.801925,0.791791,0.801667,0.801667,0
2017-09-22,0.793021,0.798677,0.790958,0.793059,0.793059,0
2017-09-25,0.796369,0.797321,0.793462,0.796495,0.796495,0
2017-09-26,0.793714,0.795102,0.787098,0.793682,0.793682,0
2017-09-27,0.78765,0.78883,0.783748,0.787761,0.787761,0
2017-09-28,0.785071,0.785793,0.780031,0.785071,0.785071,0
2017-09-29,0.784732,0.785608,0.782228,0.784628,0.784628,0
2017-10-02,0.784142,0.784621,0.779606,0.78456,0.78456,0
2017-10-03,0.78273,0.78456,0.778695,0.782718,0.782718,0
2017-10-04,0.783576,0.787464,0.783509,0.783631,0.783631,0
2017-10-05,0.786269,0.786596,0.779599,0.78617,0.78617,0
2017-10-06,0.779162,0.77991,0.773437,0.779059,0.779059,0
2017-10-09,0.777853,0.778271,0.774881,0.777938,0.777938,0
2017-10-10,0.77591,0.779703,0.775861,0.775916,0.775916,0
2017-10-11,0.778513,0.780738,0.777605,0.778652,0.778652,0
2017-10-12,0.78064,0.783423,0.779995,0.780457,0.780457,0
2017-10-13,0.782742,0.78964,0.78235,0.782779,0.782779,0
2017-10-16,0.788619,0.788899,0.785762,0.788569,0.788569,0
2017-10-17,0.784591,0.786225,0.781922,0.784418,0.784418,0
2017-10-18,0.784997,0.785793,0.781922,0.78517,0.78517,0
2017-10-19,0.78432,0.788457,0.784314,0.784252,0.784252,0
2017-10-20,0.787811,0.787898,0.780884,0.787507,0.787507,0
2017-10-23,0.780701,0.783515,0.779709,0.780701,0.780701,0
2017-10-24,0.781299,0.782595,0.777152,0.78125,0.78125,0
2017-10-25,0.777605,0.778695,0.76929,0.777544,0.777544,0
2017-10-26,0.770832,0.772022,0.76746,0.77079,0.77079,0
2017-10-27,0.766242,0.767106,0.762672,0.765972,0.765972,0
2017-10-30,0.766636,0.768728,0.765703,0.766812,0.766812,0
2017-10-31,0.769527,0.769823,0.764111,0.769764,0.769764,0
2017-11-01,0.765937,0.769598,0.764883,0.76599,0.76599,0
2017-11-02,0.767748,0.773036,0.767748,0.767695,0.767695,0
2017-11-03,0.771379,0.771724,0.76407,0.771391,0.771391,0
2017-11-06,0.765041,0.767731,0.764,0.765169,0.765169,0
2017-11-07,0.768699,0.770048,0.762881,0.768994,0.768994,0
2017-11-08,0.765562,0.768521,0.764526,0.765509,0.765509,0
2017-11-09,0.767872,0.769408,0.765029,0.767872,0.767872,0
2017-11-10,0.768262,0.769539,0.765568,0.768262,0.768262,0
2017-11-13,0.764701,0.766695,0.762195,0.764701,0.764701,0
2017-11-14,0.761615,0.765111,0.76136,0.761499,0.761499,0
2017-11-15,0.763068,0.763283,0.757461,0.763126,0.763126,0
2017-11-16,null,null,null,null,null,null
2017-11-17,0.758725,0.760803,0.753636,0.758731,0.758731,0
2017-11-20,0.755298,0.757404,0.75454,0.755401,0.755401,0
2017-11-21,0.755453,0.758979,0.753301,0.755572,0.755572,0
2017-11-22,0.75861,0.759878,0.755578,0.758489,0.758489,0
2017-11-23,0.761383,0.763884,0.760439,0.761383,0.761383,0
2017-11-24,0.762532,0.762893,0.760769,0.762567,0.762567,0
2017-11-27,0.761267,0.764818,0.759428,0.761197,0.761197,0
2017-11-28,0.760861,0.762021,0.758921,0.760717,0.760717,0
2017-11-29,0.76063,0.760803,0.755401,0.760549,0.760549,0
2017-11-30,0.756315,0.759492,0.755881,0.756659,0.756659,0
2017-12-01,0.756487,0.763884,0.755801,0.756344,0.756344,0
2017-12-04,0.759129,0.761673,0.758041,0.759013,0.759013,0
2017-12-05,0.760398,0.765462,0.760167,0.76041,0.76041,0
2017-12-06,0.760688,0.761383,0.756029,0.760462,0.760462,0
2017-12-07,0.756888,0.756888,0.751552,0.756687,0.756687,0
2017-12-08,0.751033,0.753296,0.750221,0.751202,0.751202,0
2017-12-11,0.750779,0.754489,0.750739,0.750807,0.750807,0
2017-12-12,0.753125,0.758093,0.751993,0.75295,0.75295,0
2017-12-13,0.755818,0.761615,0.755458,0.755658,0.755658,0
2017-12-14,0.763091,0.767577,0.762899,0.763301,0.763301,0
2017-12-15,0.76656,0.769527,0.764292,0.766501,0.766501,0
2017-12-18,0.764818,0.767695,0.764152,0.765111,0.765111,0
2017-12-19,0.76643,0.768403,0.764643,0.766577,0.766577,0
2017-12-20,0.765252,0.768226,0.765252,0.765345,0.765345,0
2017-12-21,0.767201,0.770416,0.765439,0.767224,0.767224,0
2017-12-22,0.770594,0.77232,0.770369,0.770772,0.770772,0
2017-12-25,0.771605,0.775855,0.771188,0.771486,0.771486,0
2017-12-26,0.772499,0.772798,0.771367,0.772559,0.772559,0
2017-12-27,0.773048,0.777605,0.773036,0.773043,0.773043,0
2017-12-28,0.777544,0.781128,0.777484,0.777484,0.777484,0
2017-12-29,0.779484,0.782595,0.778998,0.779429,0.779429,0
2018-01-01,0.780701,0.781494,0.780153,0.780214,0.780214,0
2018-01-02,0.780031,0.784621,0.780031,0.780104,0.780104,0
2018-01-03,0.783269,0.784498,0.780579,0.783392,0.783392,0
2018-01-04,0.782901,0.786281,0.781537,0.78284,0.78284,0
2018-01-05,0.786392,0.787092,0.783589,0.78638,0.78638,0
2018-01-08,0.786164,0.787253,0.78284,0.786102,0.786102,0
2018-01-09,0.784498,0.786491,0.780829,0.784806,0.784806,0
2018-01-10,0.781152,0.786658,0.780933,0.781067,0.781067,0
2018-01-11,0.784708,0.788706,0.783945,0.784732,0.784732,0
2018-01-12,0.788581,0.79032,0.784868,0.788581,0.788581,0
2018-01-15,0.790889,0.797894,0.790889,0.790889,0.790889,0
2018-01-16,0.796052,0.797703,0.793777,0.796292,0.796292,0
2018-01-17,0.797257,0.799898,0.79413,0.79713,0.79713,0
2018-01-18,0.797162,0.800705,0.794281,0.797251,0.797251,0
2018-01-19,0.800692,0.803988,0.799399,0.800576,0.800576,0
2018-01-22,0.800192,0.80289,0.797938,0.800211,0.800211,0
2018-01-23,0.80082,0.803019,0.795697,0.800833,0.800833,0
2018-01-24,0.800384,0.808277,0.799424,0.800448,0.800448,0
2018-01-25,0.805121,0.812018,0.805121,0.804894,0.804894,0
2018-01-26,0.803019,0.810833,0.802607,0.802923,0.802923,0
2018-01-29,0.811603,0.81182,0.807559,0.811688,0.811688,0
2018-01-30,0.809697,0.8113,0.804382,0.809599,0.809599,0
2018-01-31,0.809782,0.811622,0.804693,0.81011,0.81011,0
2018-02-01,0.806192,0.806712,0.798913,0.806127,0.806127,0
2018-02-02,0.804117,0.804117,0.792205,0.804052,0.804052,0
2018-02-05,0.79067,0.795437,0.790389,0.790639,0.790639,0
2018-02-06,0.787637,0.789079,0.783638,0.787464,0.787464,0
2018-02-07,0.789278,0.790776,0.783908,0.789391,0.789391,0
2018-02-08,0.781739,0.784375,0.778452,0.781739,0.781739,0
2018-02-09,0.778574,0.783012,0.776036,0.77875,0.77875,0
2018-02-12,0.781983,0.784511,0.781116,0.78202,0.78202,0
2018-02-13,0.78575,0.787588,0.783098,0.785916,0.785916,0
2018-02-14,0.786139,0.789017,0.777544,0.786102,0.786102,0
2018-02-15,0.792958,0.796686,0.789328,0.792833,0.792833,0
2018-02-16,0.794723,0.798977,0.790451,0.794382,0.794382,0
2018-02-19,0.791208,0.793714,0.790002,0.791202,0.791202,0
2018-02-20,0.790952,0.793147,0.788103,0.790889,0.790889,0
2018-02-21,0.78809,0.789827,0.783061,0.78809,0.78809,0
2018-02-22,0.779757,0.785978,0.77912,0.779843,0.779843,0
2018-02-23,0.783822,0.784375,0.78064,0.783951,0.783951,0
2018-02-26,0.783945,0.789079,0.782822,0.78384,0.78384,0
2018-02-27,0.784991,0.786906,0.779618,0.784991,0.784991,0
2018-02-28,0.779041,0.782105,0.778331,0.779362,0.779362,0
2018-03-01,0.776199,0.776699,0.771367,0.776578,0.776578,0
2018-03-02,0.776554,0.777424,0.773814,0.77647,0.77647,0
2018-03-05,0.775609,0.777122,0.772678,0.77547,0.77547,0
2018-03-06,0.776651,0.784068,0.775723,0.776699,0.776699,0
2018-03-07,0.778634,0.782981,0.777303,0.778634,0.778634,0
2018-03-08,0.782963,0.783822,0.777726,0.782712,0.782712,0
2018-03-09,0.778998,0.785299,0.777768,0.779059,0.779059,0
2018-03-12,0.786287,0.788022,0.785583,0.786269,0.786269,0
2018-03-13,0.787278,0.789889,0.78596,0.78729,0.78729,0
2018-03-14,0.785978,0.791703,0.785731,0.785799,0.785799,0
2018-03-15,0.788171,0.788581,0.781006,0.787979,0.787979,0
2018-03-16,0.779059,0.780579,0.771968,0.778938,0.778938,0
2018-03-19,0.771545,0.772201,0.768758,0.771605,0.771605,0
2018-03-20,0.771016,0.772082,0.768344,0.770832,0.770832,0
2018-03-21,0.768994,0.771307,0.767342,0.769053,0.769053,0
2018-03-22,0.777726,0.778198,0.769071,0.777478,0.777478,0
2018-03-23,0.769823,0.774293,0.769639,0.769349,0.769349,0
2018-03-26,0.771307,0.774797,0.771129,0.770861,0.770861,0
2018-03-27,0.775512,0.775916,0.769787,0.775615,0.775615,0
2018-03-28,0.768722,0.770475,0.765462,0.768758,0.768758,0
2018-03-29,0.766201,0.768876,0.764351,0.766008,0.766008,0
2018-03-30,0.768681,0.770951,0.767442,0.76858,0.76858,0
2018-04-02,0.768368,0.769574,0.765398,0.768303,0.768303,0
2018-04-03,0.765404,0.770772,0.765363,0.765462,0.765462,0
2018-04-04,0.768226,0.771724,0.766348,0.768203,0.768203,0
2018-04-05,0.772022,0.772499,0.767636,0.771998,0.771998,0
2018-04-06,0.767148,0.76993,0.766754,0.76683,0.76683,0
2018-04-09,0.767902,0.770891,0.765287,0.768226,0.768226,0
2018-04-10,0.770001,0.77647,0.769408,0.769959,0.769959,0
2018-04-11,0.776337,0.777424,0.774054,0.776398,0.776398,0
2018-04-12,0.776337,0.777303,0.773994,0.776518,0.776518,0
2018-04-13,0.77612,0.781128,0.776036,0.775735,0.775735,0
2018-04-16,0.777309,0.778289,0.775374,0.777448,0.777448,0
2018-04-17,0.777424,0.77918,0.776096,0.777291,0.777291,0
2018-04-18,0.776789,0.779727,0.774593,0.776699,0.776699,0
2018-04-19,0.778877,0.781494,0.774833,0.778889,0.778889,0
2018-04-20,0.772082,0.772798,0.765591,0.772338,0.772338,0
2018-04-23,0.765961,0.768521,0.760977,0.76599,0.76599,0
2018-04-24,0.7603,0.762311,0.758265,0.760341,0.760341,0
2018-04-25,0.760439,0.760439,0.755344,0.76063,0.76063,0
2018-04-26,0.756859,0.759129,0.754831,0.757117,0.757117,0
2018-04-27,0.755687,0.7573,0.753296,0.755687,0.755687,0
2018-04-30,0.757289,0.758208,0.753636,0.757518,0.757518,0
2018-05-01,0.753284,0.75466,0.74744,0.753239,0.753239,0
2018-05-02,0.748503,0.752955,0.747719,0.74829,0.74829,0
2018-05-03,0.748727,0.754262,0.748671,0.748671,0.748671,0
2018-05-04,0.752955,0.756315,0.749344,0.752842,0.752842,0
2018-05-07,0.752672,0.754489,0.7494,0.752423,0.752423,0
2018-05-08,0.75188,0.752785,0.743478,0.75188,0.75188,0
2018-05-09,0.744491,0.747189,0.7414,0.744934,0.744934,0
2018-05-10,0.746102,0.753182,0.745601,0.745935,0.745935,0
2018-05-11,0.752559,0.756544,0.752389,0.752615,0.752615,0
2018-05-14,0.755116,0.756544,0.754375,0.75511,0.75511,0
2018-05-15,0.752729,0.753693,0.74494,0.752598,0.752598,0
2018-05-16,0.746848,0.751823,0.744851,0.746848,0.746848,0
2018-05-17,0.75171,0.754888,0.749968,0.751767,0.751767,0
2018-05-18,0.750458,0.752785,0.748951,0.750638,0.750638,0
2018-05-21,0.752219,0.757117,0.750356,0.752428,0.752428,0
2018-05-22,0.75807,0.760549,0.757346,0.758265,0.758265,0
2018-05-23,0.757978,0.758323,0.752332,0.757892,0.757892,0
2018-05-24,0.756601,0.757404,0.754375,0.756716,0.756716,0
2018-05-25,0.757002,0.759129,0.755059,0.757197,0.757197,0
2018-05-28,0.755687,0.758208,0.754546,0.755687,0.755687,0
2018-05-29,0.75466,0.755401,0.751021,0.754774,0.754774,0
2018-05-30,0.748447,0.757461,0.748335,0.748167,0.748167,0
2018-05-31,0.757209,0.759301,0.75539,0.757117,0.757117,0
2018-06-01,0.756144,0.756911,0.751936,0.756212,0.756212,0
2018-06-04,0.756922,0.766642,0.756922,0.756882,0.756882,0
2018-06-05,0.765287,0.76558,0.759549,0.765404,0.765404,0
2018-06-06,0.762486,0.767813,0.762428,0.762462,0.762462,0
2018-06-07,0.766342,0.767283,0.762776,0.766577,0.766577,0
2018-06-08,0.761458,0.762718,0.756144,0.761441,0.761441,0
2018-06-11,0.760202,0.762253,0.75963,0.76019,0.76019,0
2018-06-12,0.760479,0.762486,0.758668,0.760462,0.760462,0
2018-06-13,0.757404,0.761093,0.755744,0.757576,0.757576,0
2018-06-14,0.75683,0.757518,0.751033,0.757071,0.757071,0
2018-06-15,0.746503,0.747999,0.744651,0.746547,0.746547,0
2018-06-18,0.74397,0.745434,0.741785,0.743992,0.743992,0
2018-06-19,0.740521,0.742556,0.734862,0.740357,0.740357,0
2018-06-20,0.739098,0.740905,0.737061,0.738825,0.738825,0
2018-06-21,0.737191,0.739208,0.734646,0.737409,0.737409,0
2018-06-22,0.73779,0.744214,0.737708,0.737898,0.737898,0
2018-06-25,0.743826,0.744103,0.739847,0.743837,0.743837,0
2018-06-26,0.740905,0.742501,0.738225,0.74096,0.74096,0
2018-06-27,0.739098,0.740763,0.736269,0.739169,0.739169,0
2018-06-28,0.734187,0.736323,0.73303,0.734322,0.734322,0
2018-06-29,0.7347,0.740192,0.733622,0.734646,0.734646,0
2018-07-02,0.739864,0.739919,0.731315,0.739864,0.739864,0
2018-07-03,0.733837,0.740412,0.731722,0.733891,0.733891,0
2018-07-04,0.737844,0.742225,0.737572,0.737844,0.737844,0
2018-07-05,0.737844,0.740851,0.736279,0.738171,0.738171,0
2018-07-06,0.738716,0.744402,0.73779,0.738662,0.738662,0
2018-07-09,0.743605,0.748408,0.743605,0.743633,0.743633,0
2018-07-10,0.747049,0.748391,0.743108,0.747049,0.747049,0
2018-07-11,0.741752,0.742909,0.738389,0.7414,0.7414,0
2018-07-12,0.73654,0.741961,0.736193,0.736589,0.736589,0
2018-07-13,0.740702,0.74228,0.73692,0.740686,0.740686,0
2018-07-16,0.741878,0.744325,0.741043,0.742115,0.742115,0
2018-07-17,0.7414,0.743826,0.738716,0.741471,0.741471,0
2018-07-18,0.737898,0.739607,0.734419,0.737741,0.737741,0
2018-07-19,0.740192,0.743992,0.732418,0.739891,0.739891,0
2018-07-20,0.736323,0.74228,0.732064,0.736279,0.736279,0
2018-07-23,0.743312,0.743528,0.737659,0.743301,0.743301,0
2018-07-24,0.738007,0.743384,0.736128,0.738007,0.738007,0
2018-07-25,0.74271,0.744048,0.739262,0.742622,0.742622,0
2018-07-26,0.746046,0.74638,0.737953,0.74594,0.74594,0
2018-07-27,0.738334,0.74162,0.737061,0.738007,0.738007,0
2018-07-30,0.740028,0.7414,0.738732,0.740083,0.740083,0
2018-07-31,0.740938,0.744214,0.740461,0.74073,0.74073,0
2018-08-01,0.741851,0.742501,0.73993,0.74195,0.74195,0
2018-08-02,0.740582,0.741021,0.73564,0.740582,0.740582,0
2018-08-03,0.735981,0.741125,0.734878,0.736008,0.736008,0
2018-08-06,0.739443,0.740576,0.737572,0.73959,0.73959,0
2018-08-07,0.738607,0.744103,0.738498,0.738552,0.738552,0
2018-08-08,0.742611,0.743605,0.738492,0.742446,0.742446,0
2018-08-09,0.742661,0.745323,0.73929,0.742777,0.742777,0
2018-08-10,0.737354,0.737681,0.728544,0.737246,0.737246,0
2018-08-13,0.728762,0.729288,0.726332,0.72881,0.72881,0
2018-08-14,0.726422,0.728385,0.723788,0.726797,0.726797,0
2018-08-15,0.723798,0.723798,0.720305,0.723589,0.723589,0
2018-08-16,0.723694,0.728704,0.722804,0.723369,0.723369,0
2018-08-17,0.726111,0.729022,0.725531,0.725953,0.725953,0
2018-08-20,0.730887,0.73185,0.72965,0.730818,0.730818,0
2018-08-21,0.733622,0.736594,0.733439,0.733649,0.733649,0
2018-08-22,0.736198,0.73654,0.733514,0.735981,0.735981,0
2018-08-23,0.733407,0.733407,0.726269,0.733299,0.733299,0
2018-08-24,0.724428,0.73443,0.723898,0.724323,0.724323,0
2018-08-27,0.734268,0.735024,0.730887,0.734408,0.734408,0
2018-08-28,0.73497,0.736377,0.732257,0.734862,0.734862,0
2018-08-29,0.7347,0.735078,0.727696,0.734107,0.734107,0
2018-08-30,0.731112,0.731112,0.72619,0.731192,0.731192,0
2018-08-31,0.726164,0.72648,0.719011,0.726164,0.726164,0
2018-09-03,0.718912,0.722387,0.717,0.719321,0.719321,0
2018-09-04,0.720617,0.723589,0.715932,0.720825,0.720825,0
2018-09-05,0.718546,0.721813,0.714796,0.718339,0.718339,0
2018-09-06,0.719616,0.721084,0.716743,0.719611,0.719611,0
2018-09-07,0.719062,0.719238,0.712809,0.719062,0.719062,0
2018-09-10,0.711389,0.713419,0.70999,0.711794,0.711794,0
2018-09-11,0.710884,0.713012,0.708617,0.710985,0.710985,0
2018-09-12,0.711187,0.718081,0.709421,0.711071,0.711071,0
2018-09-13,0.717051,0.723014,0.716851,0.717062,0.717062,0
2018-09-14,0.718701,0.721709,0.717129,0.718804,0.718804,0
2018-09-17,0.71426,0.719735,0.71426,0.714592,0.714592,0
2018-09-18,0.71449,0.722126,0.71449,0.714592,0.714592,0
2018-09-19,0.722491,0.727431,0.721501,0.722601,0.722601,0
2018-09-20,0.725948,0.729022,0.725521,0.725953,0.725953,0
2018-09-21,0.728704,0.7303,0.726549,0.728651,0.728651,0
2018-09-24,0.728014,0.728279,0.725321,0.727855,0.727855,0
2018-09-25,0.725258,0.726375,0.723694,0.725321,0.725321,0
2018-09-26,0.724848,0.728491,0.724113,0.7249,0.7249,0
2018-09-27,0.725531,0.726903,0.721033,0.725789,0.725789,0
2018-09-28,0.72058,0.724218,0.720461,0.720513,0.720513,0
2018-10-01,0.722298,0.722804,0.720767,0.722392,0.722392,0
2018-10-02,0.72281,0.723746,0.716332,0.722857,0.722857,0
2018-10-03,0.718701,0.71958,0.713572,0.718752,0.718752,0
2018-10-04,0.709668,0.710278,0.706669,0.709623,0.709623,0
2018-10-05,0.708065,0.708662,0.704791,0.7081,0.7081,0
2018-10-08,0.705418,0.707814,0.70431,0.705288,0.705288,0
2018-10-09,0.707314,0.709623,0.705467,0.707364,0.707364,0
2018-10-10,0.711379,0.713216,0.708818,0.711491,0.711491,0
2018-10-11,0.706514,0.712809,0.706065,0.706414,0.706414,0
2018-10-12,0.712438,0.713842,0.711202,0.712454,0.712454,0
2018-10-15,0.710671,0.714745,0.709925,0.710783,0.710783,0
2018-10-16,0.713725,0.715154,0.711318,0.713542,0.713542,0
2018-10-17,0.71398,0.715968,0.711238,0.713913,0.713913,0
2018-10-18,0.711086,0.715205,0.711086,0.711101,0.711101,0
2018-10-19,0.709552,0.715001,0.709109,0.709723,0.709723,0
2018-10-22,0.711592,0.712606,0.708416,0.711329,0.711329,0
2018-10-23,0.707164,0.709119,0.705612,0.707269,0.707269,0
2018-10-24,0.70931,0.710783,0.706864,0.709119,0.709119,0
2018-10-25,0.706314,0.710026,0.705766,0.706299,0.706299,0
2018-10-26,0.70794,0.708918,0.702198,0.708115,0.708115,0
2018-10-29,0.709759,0.710889,0.707399,0.709774,0.709774,0
2018-10-30,0.706414,0.712048,0.70596,0.706329,0.706329,0
2018-10-31,0.70992,0.710621,0.707464,0.709925,0.709925,0
2018-11-01,0.708316,0.720981,0.70808,0.708316,0.708316,0
2018-11-02,0.720451,0.7259,0.719373,0.720513,0.720513,0
2018-11-05,0.719808,0.721813,0.718391,0.719828,0.719828,0
2018-11-06,0.721241,0.72406,0.72069,0.721293,0.721293,0
2018-11-07,0.72426,0.730193,0.721449,0.72436,0.72436,0
2018-11-08,0.727569,0.730092,0.726559,0.72759,0.72759,0
2018-11-09,0.726586,0.727114,0.722439,0.726681,0.726681,0
2018-11-12,0.72271,0.723903,0.718856,0.7227,0.7227,0
2018-11-13,0.71736,0.722335,0.716589,0.717566,0.717566,0
2018-11-14,0.723118,0.723788,0.718907,0.723139,0.723139,0
2018-11-15,0.723432,0.729767,0.723369,0.723484,0.723484,0
2018-11-16,0.727188,0.731989,0.72509,0.727167,0.727167,0
2018-11-19,0.732011,0.732708,0.728688,0.731797,0.731797,0
2018-11-20,0.729671,0.730193,0.723312,0.729501,0.729501,0
2018-11-21,0.721719,0.727802,0.721084,0.721657,0.721657,0
2018-11-22,0.726222,0.727008,0.723599,0.726216,0.726216,0
2018-11-23,0.725163,0.725689,0.722001,0.725021,0.725021,0
2018-11-26,0.723327,0.727696,0.722596,0.72338,0.72338,0
2018-11-27,0.722491,0.726956,0.720513,0.72235,0.72235,0
2018-11-28,0.722919,0.7249,0.722262,0.722961,0.722961,0
2018-11-29,0.730514,0.734484,0.729591,0.730252,0.730252,0
2018-11-30,0.732279,0.732708,0.728597,0.732188,0.732188,0
2018-12-03,0.737354,0.739317,0.734916,0.737311,0.737311,0
2018-12-04,0.735565,0.739317,0.734948,0.735689,0.735689,0
2018-12-05,0.7347,0.73551,0.726048,0.734592,0.734592,0
2018-12-06,0.726375,0.726375,0.719419,0.726639,0.726639,0
2018-12-07,0.723401,0.724113,0.720648,0.723118,0.723118,0
2018-12-10,0.71836,0.722804,0.718128,0.718494,0.718494,0
2018-12-11,0.719321,0.7227,0.718597,0.719099,0.719099,0
2018-12-12,0.721308,0.723317,0.720305,0.721293,0.721293,0
2018-12-13,0.721397,0.72469,0.721293,0.722126,0.722126,0
2018-12-14,0.72223,0.722852,0.715292,0.722491,0.722491,0
2018-12-17,0.717566,0.718732,0.717,0.717566,0.717566,0
2018-12-18,0.717978,0.720617,0.717139,0.717721,0.717721,0
2018-12-19,0.71899,0.720202,0.717087,0.718804,0.718804,0
2018-12-20,0.711359,0.714939,0.708717,0.711389,0.711389,0
2018-12-21,0.711794,0.712301,0.707214,0.711592,0.711592,0
2018-12-24,0.7049,0.707014,0.704558,0.70502,0.70502,0
2018-12-25,0.704771,0.707764,0.703631,0.705219,0.705219,0
2018-12-26,0.70492,0.707214,0.703329,0.704612,0.704612,0
2018-12-27,0.707289,0.707764,0.701804,0.707479,0.707479,0
2018-12-28,0.703433,0.706914,0.703092,0.703532,0.703532,0
2018-12-31,0.704325,0.707314,0.703631,0.704473,0.704473,0
